acc_x, acc_y, angular_z, stamp, 
-0.03030252456665039, -0.006362855434417725, 2.4030347731374596e-11, 1727899941722904472, 
0.0037823915481567383, -0.009884834289550781, 1.4217902199902407e-10, 1727899941752865398, 
-0.003580033779144287, -0.0008104443550109863, 2.7501072982777646e-10, 1727899941782924280, 
-0.013793766498565674, -0.014467060565948486, 4.515550056370389e-05, 1727899941812953305, 
0.5417806506156921, -0.05634504556655884, -0.009718267410251325, 1727899941843259747, 
1.8793368339538574, -0.4413180947303772, -0.12061944810041542, 1727899941873064331, 
0.9049240946769714, 0.10452073812484741, -0.18551432637509355, 1727899941904220042, 
0.7610391974449158, 0.014829635620117188, -0.19724861614725675, 1727899941936045366, 
0.7139378786087036, -0.28030210733413696, -0.2696324801802802, 1727899941963245600, 
0.4605454206466675, -0.22975021600723267, -0.28236427089609983, 1727899941993249486, 
0.748049259185791, -0.24597936868667603, -0.2993263888702149, 1727899942016314332, 
0.8812909126281738, 0.06777840852737427, -0.4515510285719281, 1727899942044193797, 
0.7482834458351135, -0.13707244396209717, -0.4639949443251975, 1727899942073417390, 
0.5360367298126221, -0.4782758951187134, -0.48774536819449366, 1727899942103463482, 
0.05129444599151611, 0.35148972272872925, -0.5308971645428827, 1727899942133738932, 
-0.19971966743469238, -0.38295483589172363, -0.5229997349357784, 1727899942163560594, 
-0.3438268303871155, -0.08036637306213379, -0.4931349237802109, 1727899942193587924, 
-0.18689942359924316, 0.013778865337371826, -0.484260181979624, 1727899942224725265, 
0.21657872200012207, 0.01672220230102539, -0.4635603289898428, 1727899942256170105, 
-0.4956311583518982, -0.1622191071510315, -0.5309555758578162, 1727899942283775744, 
0.3448403477668762, -0.316209077835083, -0.49595235274439853, 1727899942313805982, 
0.05240374803543091, 0.15843403339385986, -0.4906685294256963, 1727899942343811544, 
-0.12416136264801025, -0.2512628436088562, -0.5105753465778498, 1727899942373860965, 
0.27726995944976807, -0.5438507795333862, -0.5083958003570781, 1727899942403916145, 
0.1867939829826355, 0.2395387887954712, -0.5226468517092137, 1727899942433987744, 
-0.11888343095779419, -0.25203239917755127, -0.5246649323694104, 1727899942464137134, 
-0.2924259901046753, -0.17145085334777832, -0.4642726871653662, 1727899942496775339, 
0.055909574031829834, 0.15921282768249512, -0.510292572799132, 1727899942526213341, 
-0.0643012523651123, -0.19752734899520874, -0.5418299079755268, 1727899942554151091, 
-0.05952107906341553, -0.1362127661705017, -0.5005555553667392, 1727899942584197183, 
0.1746152639389038, 0.10900849103927612, -0.4963076026361091, 1727899942614225706, 
-0.16240733861923218, -0.35050004720687866, -0.4871100528315626, 1727899942644282431, 
-0.18422424793243408, -0.07657325267791748, -0.5002460420674899, 1727899942673344008, 
-0.023237287998199463, 0.052033305168151855, -0.4943050888410027, 1727899942703358040, 
0.11628508567810059, -0.11442530155181885, -0.44965566582829514, 1727899942736255027, 
0.07363492250442505, -0.18107855319976807, -0.4820280004181799, 1727899942767239529, 
-0.2023041844367981, -0.10791325569152832, -0.5461531791343073, 1727899942794643743, 
0.29985272884368896, 0.02974236011505127, -0.493271234447598, 1727899942824659052, 
-0.12016743421554565, -0.2334367036819458, -0.5231519911411038, 1727899942854632190, 
-0.29319941997528076, -0.1532638669013977, -0.5384473044847374, 1727899942884745330, 
0.3293267488479614, 0.2288166880607605, -0.5245975042616267, 1727899942914799185, 
-0.09173011779785156, -0.3662254214286804, -0.5066823560894622, 1727899942944869813, 
-0.23439186811447144, -0.2728741765022278, -0.48239261039002873, 1727899942976161920, 
0.2968519926071167, 0.28493571281433105, -0.4515116836060603, 1727899943008982186, 
-0.6482595205307007, -0.5940505862236023, -0.5930285868833896, 1727899943035026585, 
0.3542044758796692, 0.10333073139190674, -0.5106348309361689, 1727899943065007166, 
-0.0993887186050415, 0.3570518493652344, -0.5001022230780957, 1727899943095063866, 
0.29904186725616455, -0.46621406078338623, -0.47646179509983355, 1727899943125160382, 
-0.16827338933944702, 0.003889322280883789, -0.5028437485162042, 1727899943155125631, 
-0.0023653507232666016, -0.10026586055755615, -0.5027295079583747, 1727899943185329995, 
-0.24865156412124634, -0.18774616718292236, -0.48860549375433004, 1727899943216126685, 
0.07217246294021606, 0.07824939489364624, -0.4834760060226839, 1727899943248095471, 
0.021965324878692627, -0.32083165645599365, -0.5683032023218759, 1727899943274384432, 
0.11911296844482422, 0.018123745918273926, -0.4813946506761133, 1727899943305521515, 
-0.1524258255958557, -0.06426507234573364, -0.5094981103221745, 1727899943335490159, 
-0.11480748653411865, -0.2560686469078064, -0.48549371935894214, 1727899943365682888, 
0.016566812992095947, 0.033195316791534424, -0.5079010113466467, 1727899943395894052, 
0.19133347272872925, -0.18874841928482056, -0.5192968337455371, 1727899943425679167, 
-0.13690710067749023, -0.204906165599823, -0.4794634945812311, 1727899943456786608, 
0.2117111086845398, 0.12319111824035645, -0.4778469129604824, 1727899943488111756, 
-0.16118717193603516, -0.21326535940170288, -0.5228505455052413, 1727899943515792157, 
-0.10202223062515259, -0.3088245391845703, -0.48336560546850194, 1727899943545835713, 
0.10788565874099731, 0.05776292085647583, -0.5072999033786805, 1727899943575899957, 
0.02122652530670166, 0.1107664704322815, -0.5051892901360086, 1727899943605848945, 
-0.06177788972854614, -0.28332608938217163, -0.48435621343241286, 1727899943635935416, 
-0.3194539546966553, 0.02799069881439209, -0.4672645550384341, 1727899943666636046, 
0.4526268243789673, -0.04592388868331909, -0.4772243612409059, 1727899943696694304, 
-0.2903681993484497, -0.21387749910354614, -0.4679476226378816, 1727899943728100649, 
0.18959420919418335, -0.09259599447250366, -0.4972639528792514, 1727899943758221840, 
0.00854480266571045, 0.02239549160003662, -0.5403776760013809, 1727899943786746973, 
-0.11786425113677979, -0.3742941617965698, -0.5155713532520224, 1727899943816723214, 
0.3421744108200073, -0.14865249395370483, -0.4931245342455322, 1727899943846747152, 
-0.10053926706314087, 0.2781562805175781, -0.5056243252917514, 1727899943876741441, 
-0.4575948119163513, -0.5903802514076233, -0.5136833979424004, 1727899943906773897, 
0.37055808305740356, -0.012143313884735107, -0.5041985176106152, 1727899943936784311, 
-0.21197545528411865, 0.0999530553817749, -0.49170316761967886, 1727899943968585554, 
0.12647348642349243, -0.155504047870636, -0.5168390220841246, 1727899943998935339, 
-0.339616596698761, 0.00010216236114501953, -0.5502081510940833, 1727899944026921552, 
0.3216238021850586, -0.23498767614364624, -0.49147764244439485, 1727899944056878821, 
0.027979791164398193, 0.008468091487884521, -0.4808739958349158, 1727899944086940216, 
-0.33381199836730957, 0.029038608074188232, -0.49863490822855866, 1727899944116926922, 
0.16963225603103638, -0.40962105989456177, -0.5026157551255644, 1727899944146969583, 
0.12810909748077393, 0.25124818086624146, -0.5096201198478097, 1727899944177015862, 
-0.0008516907691955566, -0.3169436454772949, -0.46850640139757416, 1727899944208179219, 
0.15837758779525757, -0.2928183078765869, -0.4349516535156976, 1727899944240794943, 
0.0817418098449707, 0.33501529693603516, -0.5791259976593478, 1727899944267100537, 
-0.15867555141448975, -0.41414040327072144, -0.5166112596597483, 1727899944297057371, 
0.12501639127731323, -0.25267934799194336, -0.5025561413239051, 1727899944327078324, 
0.01592618227005005, 0.26064223051071167, -0.5003870017875399, 1727899944357131170, 
-0.2642728090286255, -0.47153836488723755, -0.4789177770766259, 1727899944387165389, 
0.27617472410202026, -0.037268221378326416, -0.48388113644475655, 1727899944417232687, 
-0.1445034146308899, 0.14157921075820923, -0.5060073121312108, 1727899944448108599, 
-0.1476256251335144, -0.37776297330856323, -0.4709958372097493, 1727899944480518915, 
-0.11581552028656006, 0.002673208713531494, -0.5585205367243378, 1727899944507427545, 
-0.0095292329788208, 0.12045449018478394, -0.5117863321194568, 1727899944536381099, 
0.2581655979156494, -0.22489577531814575, -0.4826836693539957, 1727899944566436341, 
0.10702818632125854, -0.08164370059967041, -0.47609974177957815, 1727899944597469945, 
-0.13522499799728394, -0.03870195150375366, -0.49987723566664927, 1727899944627619463, 
0.12019705772399902, 0.059537529945373535, -0.5218723506799793, 1727899944657675247, 
-0.15205061435699463, -0.3083963990211487, -0.492908905886121, 1727899944688447843, 
0.22268354892730713, -0.18807196617126465, -0.4425695840343541, 1727899944720438148, 
0.36169135570526123, 0.32362741231918335, -0.540589610627982, 1727899944747797408, 
-0.21953171491622925, -0.37180787324905396, -0.5067459506043555, 1727899944777839262, 
-0.12729144096374512, -0.1490810513496399, -0.5003994410209086, 1727899944807837231, 
0.1538931131362915, 0.07243138551712036, -0.5271267746079954, 1727899944837915454, 
0.1356404423713684, 0.05057024955749512, -0.5245502271492087, 1727899944867936345, 
-0.3561221957206726, -0.3327845335006714, -0.5018432649764388, 1727899944898183794, 
0.3668314218521118, -0.05843585729598999, -0.4847032461951162, 1727899944928717003, 
-0.2347906231880188, 0.20501679182052612, -0.4722193330161448, 1727899944960255714, 
-0.1844579577445984, -0.2819947600364685, -0.5034430015624218, 1727899944990174906, 
0.12300217151641846, -0.2972591519355774, -0.5399719291331153, 1727899945018170395, 
0.033548593521118164, 0.22290611267089844, -0.5015515626775932, 1727899945048204085, 
-0.013506412506103516, -0.38332629203796387, -0.48455581745119775, 1727899945078241821, 
0.053671956062316895, -0.2039201259613037, -0.477861991781889, 1727899945108294972, 
-0.12226712703704834, 0.23813098669052124, -0.497048261076136, 1727899945138335187, 
0.1857280135154724, -0.30470746755599976, -0.5007015666696953, 1727899945168422301, 
-0.11910742521286011, -0.1393837332725525, -0.4807748215668592, 1727899945200170571, 
0.14909380674362183, 0.08313769102096558, -0.4882042447859873, 1727899945231276940, 
-0.14688259363174438, -0.25467902421951294, -0.5479403955792744, 1727899945258600297, 
-0.14622008800506592, -0.17862623929977417, -0.5127626218934803, 1727899945288628509, 
0.18511319160461426, 0.05806303024291992, -0.44915802049773507, 1727899945311601269, 
-0.1286676526069641, -0.5598378777503967, -0.5644585219457554, 1727899945338731257, 
0.02758193016052246, 0.1534528136253357, -0.5058280223004512, 1727899945368773083, 
-0.008938908576965332, 0.22631120681762695, -0.49630832293716914, 1727899945398791343, 
-0.10713165998458862, -0.5616172552108765, -0.4840812569188405, 1727899945428870154, 
-0.010193705558776855, 0.07491070032119751, -0.48644964050129835, 1727899945458875923, 
0.14394772052764893, 0.013656377792358398, -0.48636981206824254, 1727899945489105250, 
-0.10192662477493286, -0.1579955816268921, -0.480574593522594, 1727899945520208993, 
0.06539905071258545, -0.021476805210113525, -0.47187864382706196, 1727899945552197722, 
-0.21681362390518188, -0.14862066507339478, -0.5575825082120878, 1727899945579100981, 
0.2381764054298401, -0.10582578182220459, -0.5046897083846132, 1727899945609089063, 
-0.2718357443809509, -0.07419604063034058, -0.508277751757371, 1727899945639165039, 
0.351412832736969, -0.10908448696136475, -0.49007665186318133, 1727899945669201832, 
-0.30797505378723145, 0.03766137361526489, -0.5206806226848577, 1727899945699232896, 
0.23982632160186768, -0.342166543006897, -0.5323808336093837, 1727899945728359391, 
-0.11903113126754761, -0.07850289344787598, -0.4718554917224715, 1727899945760812521, 
-0.09766042232513428, -0.07968783378601074, -0.4926624828452752, 1727899945792219484, 
-0.11746096611022949, -0.16931617259979248, -0.5398843926872293, 1727899945819502204, 
-0.005787849426269531, 0.03061962127685547, -0.5212144897349321, 1727899945848533929, 
0.1923917531967163, -0.061177730560302734, -0.5098315164482119, 1727899945879602263, 
0.04298710823059082, -0.1783602237701416, -0.4880709247582651, 1727899945909707825, 
-0.12486898899078369, -0.022244811058044434, -0.487312506274989, 1727899945939751331, 
-0.08720725774765015, -0.35474497079849243, -0.47830732433907514, 1727899945969834597, 
0.3265378475189209, 0.17354071140289307, -0.48558077040296344, 1727899946000204075, 
-0.2005721926689148, -0.3183261752128601, -0.47301854913684444, 1727899946032512932, 
-0.128740131855011, -0.07947021722793579, -0.5432782014441944, 1727899946059956213, 
0.25416308641433716, 0.21994233131408691, -0.4987148354851902, 1727899946089891244, 
-0.2648845911026001, -0.46037840843200684, -0.48987690964577163, 1727899946119964402, 
0.11335515975952148, -0.010347366333007812, -0.47903190061720297, 1727899946149969619, 
0.2709309458732605, 0.05766284465789795, -0.49086661714676977, 1727899946180075793, 
-0.29321080446243286, -0.20994293689727783, -0.5245405672397113, 1727899946210294559, 
-0.041301071643829346, 0.030517399311065674, -0.5396629707411834, 1727899946240314172, 
-0.1931629776954651, -0.2089672088623047, -0.469039353812006, 1727899946272620890, 
0.18325591087341309, -0.19506412744522095, -0.5129465854904827, 1727899946300325676, 
0.10997927188873291, 0.09347951412200928, -0.4721408189856724, 1727899946330401161, 
-0.2776952385902405, -0.1632688045501709, -0.503575956683856, 1727899946360409341, 
0.06691944599151611, -0.07975232601165771, -0.5117215779261407, 1727899946390440574, 
-0.26082712411880493, 0.02478158473968506, -0.4983756136910415, 1727899946420547253, 
0.023321449756622314, -0.32223647832870483, -0.4879364624310575, 1727899946450514302, 
0.22390329837799072, 0.1268290877342224, -0.49098912929020805, 1727899946480623717, 
-0.3901553750038147, -0.3166395425796509, -0.4802628865525063, 1727899946512242578, 
0.13907599449157715, -0.14255690574645996, -0.48808708517205385, 1727899946542629047, 
-0.019066929817199707, 0.22317570447921753, -0.5429922330205224, 1727899946570714685, 
-0.09753602743148804, -0.30718350410461426, -0.5176693067403555, 1727899946600744768, 
-0.17829906940460205, -0.05696547031402588, -0.5301204754387506, 1727899946630810684, 
0.10224837064743042, -0.12158799171447754, -0.5087181026987754, 1727899946660839201, 
-0.1631445288658142, -0.06969469785690308, -0.48441378231739673, 1727899946690985901, 
-0.020611345767974854, 0.12641072273254395, -0.5039698903578631, 1727899946721000634, 
0.08588415384292603, -0.2296583652496338, -0.49235085927567235, 1727899946752241372, 
-0.137795090675354, -0.13983416557312012, -0.46914771871287764, 1727899946784613649, 
-0.2786734104156494, -0.015911340713500977, -0.5664603821997976, 1727899946811109178, 
-0.09066087007522583, -0.10770004987716675, -0.4915526042394128, 1727899946841135897, 
0.16372811794281006, 0.07788240909576416, -0.494047028469889, 1727899946871229528, 
0.13258016109466553, -0.227489173412323, -0.504412513875456, 1727899946901232511, 
0.1411755084991455, -0.07285261154174805, -0.498783890501331, 1727899946931314031, 
-0.24190020561218262, 0.08976328372955322, -0.509007736024602, 1727899946961344576, 
-0.13620173931121826, -0.2575618028640747, -0.4937640594556354, 1727899946992255172, 
-0.14905178546905518, 0.20982271432876587, -0.4474455790518706, 1727899947024733164, 
-0.17723578214645386, -0.25480061769485474, -0.5450629885506187, 1727899947051493746, 
0.13407695293426514, -0.43180036544799805, -0.4892799908453359, 1727899947081511936, 
-0.26705271005630493, 0.14948678016662598, -0.4940674582407718, 1727899947111556449, 
-0.029487669467926025, -0.026383817195892334, -0.5195122319038032, 1727899947141602723, 
0.018825948238372803, -0.4803750514984131, -0.5034565936816353, 1727899947171675463, 
-0.16989201307296753, 0.14994555711746216, -0.4840572436576855, 1727899947201785817, 
0.004040539264678955, -0.2566404342651367, -0.483885662223984, 1727899947232686218, 
-0.004995524883270264, 0.0668068528175354, -0.4742609326061332, 1727899947264986521, 
-0.268613338470459, -0.14534056186676025, -0.5642787951813462, 1727899947291987021, 
0.04828613996505737, -0.3827468156814575, -0.4967080051042323, 1727899947322229332, 
0.2025497555732727, 0.2451581358909607, -0.495570636183383, 1727899947362008788, 
-0.08729803562164307, -0.437519371509552, -0.484103657691842, 1727899947392400846, 
-0.07202064990997314, 0.02042829990386963, -0.44738326711050164, 1727899947424933587, 
0.1764504313468933, 0.112498939037323, -0.5588161789291488, 1727899947452222125, 
0.04409068822860718, -0.3325607180595398, -0.5162938566753679, 1727899947482194843, 
-0.4369409680366516, 0.010298013687133789, -0.5136326969278993, 1727899947512201526, 
0.4017261862754822, -0.08247518539428711, -0.49603860734658395, 1727899947542282312, 
-0.06707847118377686, -0.13006293773651123, -0.5024488732148633, 1727899947571353521, 
-0.23882412910461426, 0.060186564922332764, -0.5063562895291605, 1727899947601351947, 
0.18688678741455078, -0.4341011643409729, -0.4876922640006039, 1727899947632436176, 
0.04668313264846802, 0.08656036853790283, -0.490221293977768, 1727899947664454571, 
0.03808629512786865, -0.06664103269577026, -0.5125225905761391, 1727899947694459028, 
-0.30476510524749756, -0.23441511392593384, -0.5160401623076234, 1727899947722692181, 
0.1667158603668213, 0.12096977233886719, -0.5038107150768835, 1727899947751602564, 
-0.21345514059066772, -0.32073038816452026, -0.4186958085968171, 1727899947774979613, 
0.0016043782234191895, -0.07732301950454712, -0.5338298760474841, 1727899947802769955, 
0.305830180644989, 0.022324085235595703, -0.5252351801239029, 1727899947832757661, 
-0.14705073833465576, -0.39578914642333984, -0.5004785155684331, 1727899947862815347, 
-0.033049583435058594, 0.16528308391571045, -0.46910467055495736, 1727899947892855474, 
0.1170923113822937, -0.045686304569244385, -0.4816121837658164, 1727899947922924555, 
-0.04078012704849243, -0.3877551555633545, -0.4932089940477607, 1727899947952990742, 
-0.2320871353149414, 0.1683761477470398, -0.4756757020672696, 1727899947984529827, 
0.21977108716964722, 0.026543378829956055, -0.5028555667043214, 1727899948015455406, 
-0.09961503744125366, -0.4224167466163635, -0.5431246563715982, 1727899948043140140, 
0.25119709968566895, -0.11141568422317505, -0.49335234825047136, 1727899948073123727, 
-0.04379308223724365, 0.025170743465423584, -0.5008718212004079, 1727899948103173197, 
-0.13863712549209595, 0.07175439596176147, -0.4891167996491373, 1727899948133190273, 
-0.07427120208740234, -0.11925113201141357, -0.4985817851854582, 1727899948163238452, 
0.09451985359191895, -0.3090624213218689, -0.5028630987277339, 1727899948193332976, 
0.0008186697959899902, -0.007924139499664307, -0.5061376275612492, 1727899948224524450, 
-0.2998464107513428, -0.17336368560791016, -0.49023479807071085, 1727899948256857192, 
0.12756073474884033, -0.0638534426689148, -0.5506093408434841, 1727899948283543539, 
-0.14185208082199097, 0.0656467080116272, -0.49590775245389135, 1727899948313532921, 
0.12402969598770142, -0.46061307191848755, -0.5000622392315809, 1727899948343563358, 
-0.2201250195503235, 0.015805959701538086, -0.5084910754939069, 1727899948373624264, 
0.03701108694076538, -0.023081421852111816, -0.49999512367390886, 1727899948403690429, 
-0.06900691986083984, -0.2372714877128601, -0.5060101538383337, 1727899948433754724, 
-0.10730993747711182, 0.04471588134765625, -0.500782435092474, 1727899948464585015, 
0.19904792308807373, -0.08308261632919312, -0.468593986238584, 1727899948496700206, 
-0.014063835144042969, 0.2701266407966614, -0.5346671788209174, 1727899948524276270, 
-0.11947917938232422, -0.17270326614379883, -0.4966532784110645, 1727899948553964815, 
0.1266910433769226, -0.397294819355011, -0.48981384115968635, 1727899948583969376, 
0.11392003297805786, 0.15726298093795776, -0.5006318618928204, 1727899948613992797, 
0.05164062976837158, -0.24671977758407593, -0.5053455589867106, 1727899948644036193, 
-0.4194045066833496, -0.1435086727142334, -0.49531316115079194, 1727899948674129030, 
0.25770968198776245, 0.19338804483413696, -0.4912575514673647, 1727899948705000512, 
-0.2514426112174988, -0.46099358797073364, -0.48967964782421003, 1727899948736629389, 
-0.07599771022796631, -0.0005706548690795898, -0.5471808705460387, 1727899948764245895, 
0.2653731107711792, 0.04880928993225098, -0.476144785113622, 1727899948794303097, 
-0.266673743724823, -0.31220805644989014, -0.4932102293464859, 1727899948823373022, 
-0.004812180995941162, -0.030881047248840332, -0.4782889495567791, 1727899948854458920, 
-0.3061400055885315, 0.09452056884765625, -0.5152431228945623, 1727899948884454483, 
0.14150816202163696, -0.22514885663986206, -0.4937161821908803, 1727899948914518339, 
0.06801795959472656, 0.011236190795898438, -0.4775527472638654, 1727899948945050652, 
-0.09591108560562134, -0.17630749940872192, -0.4700738548857471, 1727899948976802514, 
0.01052403450012207, -0.03314441442489624, -0.5079764812865253, 1727899949006523706, 
-0.14871829748153687, -0.041993796825408936, -0.5588134673258595, 1727899949034768329, 
-0.35280704498291016, -0.353513240814209, -0.517042272248605, 1727899949064748556, 
0.3871821165084839, 0.09860473871231079, -0.4912584397418629, 1727899949094803041, 
-0.4134231209754944, -0.38755732774734497, -0.500392361358388, 1727899949124861171, 
0.13485902547836304, -0.036094486713409424, -0.4828882770706936, 1727899949154903005, 
0.04304605722427368, 0.21272534132003784, -0.5113256945311374, 1727899949184963598, 
-0.17884981632232666, -0.5242600440979004, -0.4929401406924445, 1727899949216814991, 
-0.06535142660140991, 0.011538028717041016, -0.49010097683884946, 1727899949248429850, 
0.08796423673629761, 0.06200742721557617, -0.5761679581914858, 1727899949275173363, 
-0.16429364681243896, -0.35179924964904785, -0.4866983405849996, 1727899949305161325, 
-0.07584530115127563, 0.08600509166717529, -0.47679482833257614, 1727899949335226701, 
0.05361813306808472, -0.2768353223800659, -0.48504413148637987, 1727899949365240942, 
0.0221102237701416, -0.023066043853759766, -0.5136999978282231, 1727899949395330477, 
-0.08430683612823486, 0.0006377696990966797, -0.5613988805063052, 1727899949424355042, 
-0.21514993906021118, -0.24596619606018066, -0.47846990586705, 1727899949456733662, 
0.06514108180999756, 0.14861148595809937, -0.4590611555544081, 1727899949488415283, 
-0.08124643564224243, -0.21128493547439575, -0.5146667561252923, 1727899949525505560, 
0.0178525447845459, -0.2569785714149475, -0.4832836625103288, 1727899949555552678, 
0.07553905248641968, 0.0978197455406189, -0.5181219596356171, 1727899949585601959, 
-0.3067188858985901, -0.3698654770851135, -0.5005634211717149, 1727899949616698653, 
-0.16582804918289185, -0.10248422622680664, -0.4870575686765793, 1727899949647385189, 
-0.07986891269683838, 0.04976534843444824, -0.5140860781727863, 1727899949675776976, 
-0.18759053945541382, -0.18153971433639526, -0.48147599400542085, 1727899949705837405, 
0.13710200786590576, -0.12012350559234619, -0.5025702739698547, 1727899949735924656, 
-0.1596921682357788, 0.02416837215423584, -0.517977617984793, 1727899949766008396, 
0.3812248706817627, -0.07766842842102051, -0.4961077439297961, 1727899949796057873, 
-0.15089082717895508, 0.03326106071472168, -0.4862665832912511, 1727899949826180991, 
-0.03818923234939575, -0.35685592889785767, -0.4637344918041952, 1727899949856946899, 
-0.0890229344367981, -0.12838691473007202, -0.4697022636497832, 1727899949888394719, 
-0.32952064275741577, -0.1008758544921875, -0.5457782032449724, 1727899949916186201, 
0.24515777826309204, -0.3022628426551819, -0.5081288856406783, 1727899949946211934, 
-0.00020503997802734375, 0.3244324326515198, -0.5178831521804251, 1727899949976967407, 
-0.18145203590393066, -0.40412384271621704, -0.5155869576734462, 1727899950006936023, 
-0.1808711290359497, -0.12242037057876587, -0.502307347056716, 1727899950037016796, 
0.20751148462295532, 0.06716537475585938, -0.5237722873398709, 1727899950066973054, 
0.09855061769485474, -0.2136823534965515, -0.5159395585021894, 1727899950097046481, 
-0.09205693006515503, -0.0712815523147583, -0.4996939820355799, 1727899950128419674, 
0.16398018598556519, -0.13167154788970947, -0.5288512372526245, 1727899950157367403, 
-0.08478331565856934, -0.1172211766242981, -0.48947663231466304, 1727899950187111495, 
-0.299246609210968, 0.05220162868499756, -0.48102715386561146, 1727899950217077450, 
-0.057897210121154785, -0.4057048559188843, -0.4689217106915054, 1727899950247049860, 
0.05853968858718872, -0.010357975959777832, -0.4794452993872664, 1727899950277109040, 
-0.06101793050765991, -0.11610043048858643, -0.5101214684280376, 1727899950307097002, 
-0.12409776449203491, -0.18646132946014404, -0.5063236442672779, 1727899950337166144, 
0.11815667152404785, -0.03327375650405884, -0.47738566541561905, 1727899950368856979, 
0.12340909242630005, -0.11375349760055542, -0.4777829287015663, 1727899950399747232, 
-0.17422395944595337, -0.128584623336792, -0.5218603557208312, 1727899950427324714, 
0.2605348229408264, -0.012980759143829346, -0.48976689036924065, 1727899950457247663, 
-0.31066828966140747, -0.07456809282302856, -0.49660211565785267, 1727899950487249263, 
-0.07772284746170044, -0.3654717803001404, -0.5051014643687675, 1727899950517438702, 
0.24075067043304443, -0.09513700008392334, -0.5086126326157044, 1727899950547269038, 
-0.1878831386566162, 0.07534664869308472, -0.48572540499949296, 1727899950577394459, 
-0.18763649463653564, -0.11179244518280029, -0.48386837246618125, 1727899950608433131, 
-0.12142866849899292, -0.23052728176116943, -0.4800899530968197, 1727899950640780090, 
0.22622114419937134, -0.012266814708709717, -0.5543479997177321, 1727899950667393921, 
-0.03522688150405884, -0.0940294861793518, -0.501870221484052, 1727899950696383469, 
-0.18484681844711304, -0.2785032391548157, -0.46491847250291485, 1727899950727466430, 
-0.099007248878479, 0.16158145666122437, -0.5051712167726877, 1727899950757485596, 
-0.23744696378707886, -0.31185680627822876, -0.5085085539753288, 1727899950787553117, 
0.31261324882507324, -0.3001065254211426, -0.49399310843311717, 1727899950817609810, 
0.04883366823196411, 0.31571757793426514, -0.4866874417495741, 1727899950848678044, 
-0.2146558165550232, -0.6149822473526001, -0.44999267492116096, 1727899950881335768, 
0.1736147403717041, 0.02609926462173462, -0.5609607032212565, 1727899950907777121, 
-0.0468369722366333, 0.1437389850616455, -0.5104632602932984, 1727899950937817198, 
0.032833993434906006, -0.16208165884017944, -0.5098085337012532, 1727899950967844225, 
-0.42320674657821655, -0.12037569284439087, -0.5341652072558984, 1727899950997901179, 
0.4872468113899231, -0.39707791805267334, -0.5230847720874209, 1727899951027946584, 
-0.09394270181655884, 0.04314666986465454, -0.4895021905120307, 1727899951058000014, 
-0.2873244285583496, 0.028897404670715332, -0.48422402734790104, 1727899951088475831, 
-0.22836869955062866, -0.4846540689468384, -0.46232050915572, 1727899951120663512, 
-0.036211490631103516, -0.10051161050796509, -0.543064921097168, 1727899951148322897, 
0.19307875633239746, 0.004910409450531006, -0.5205848278993535, 1727899951178178611, 
-0.2762816548347473, -0.25130653381347656, -0.5011135610225549, 1727899951208215174, 
0.19790709018707275, 0.06271165609359741, -0.49982683301156206, 1727899951238278667, 
-0.05183231830596924, -0.09725886583328247, -0.4890342830922856, 1727899951268330511, 
-0.15542113780975342, -0.3028026223182678, -0.48650084730841037, 1727899951298411033, 
0.1080312728881836, 0.10845059156417847, -0.489689064243673, 1727899951328991182, 
-0.27944785356521606, -0.16016167402267456, -0.47538712754022006, 1727899951360485934, 
0.1867852807044983, -0.4000157117843628, -0.500208448123911, 1727899951390560407, 
0.25306767225265503, 0.041881024837493896, -0.544866875969965, 1727899951418578081, 
-0.0952560305595398, -0.06677645444869995, -0.4895675533929287, 1727899951448629515, 
0.004341065883636475, -0.17205172777175903, -0.5037085668388219, 1727899951478674465, 
-0.48603808879852295, -0.20475906133651733, -0.5214214257649247, 1727899951508732768, 
0.47320544719696045, -0.22773993015289307, -0.48495429297696485, 1727899951538755832, 
-0.08220714330673218, 0.023060262203216553, -0.5116411363825268, 1727899951567814883, 
-0.1110537052154541, -0.2970123291015625, -0.4627939825954084, 1727899951600447498, 
-0.024301588535308838, -0.06520944833755493, -0.4848807160867037, 1727899951631665370, 
-0.13715791702270508, -0.0004432797431945801, -0.5663407439494688, 1727899951658982227, 
0.09291881322860718, -0.4063968062400818, -0.49400744083630377, 1727899951688984592, 
0.27209872007369995, 0.20367836952209473, -0.48890855807728917, 1727899951719056342, 
-0.06098681688308716, -0.31935375928878784, -0.5114884002550454, 1727899951749099108, 
-0.11081558465957642, -0.06709796190261841, -0.49441636481829804, 1727899951779181491, 
0.22210967540740967, -0.08846354484558105, -0.5025779192951805, 1727899951809290703, 
-0.052729249000549316, -0.19553732872009277, -0.47601623522778763, 1727899951841333892, 
-0.0805172324180603, -0.06078726053237915, -0.5003816826235699, 1727899951872499260, 
0.38845735788345337, -0.19786721467971802, -0.5632490153771856, 1727899951899424662, 
-0.033990323543548584, -0.05352360010147095, -0.5111999387005, 1727899951929430815, 
-0.1733759641647339, -0.14411038160324097, -0.5099697622407516, 1727899951959457827, 
0.1542842984199524, -0.3308546543121338, -0.5020591885621928, 1727899951989546718, 
-0.09791189432144165, 0.07656896114349365, -0.5163226566610473, 1727899952019537932, 
0.05872154235839844, -0.15262258052825928, -0.5078654122942142, 1727899952049604541, 
-0.14280277490615845, -0.21850740909576416, -0.46718440868709077, 1727899952081011702, 
0.13825887441635132, 0.00034737586975097656, -0.46847221812730916, 1727899952112510794, 
0.13892436027526855, -0.26436764001846313, -0.5316465110025502, 1727899952139765560, 
-0.07084470987319946, -0.22749078273773193, -0.5012114535904905, 1727899952169832481, 
0.15756994485855103, 0.11126434803009033, -0.5142556362871538, 1727899952199796689, 
-0.1841631531715393, -0.3296699523925781, -0.5063363637912427, 1727899952229911712, 
-0.09352821111679077, -0.09920769929885864, -0.4959024952195967, 1727899952259915531, 
0.16909700632095337, -0.020487070083618164, -0.4794408560108742, 1727899952290029417, 
-0.038846611976623535, -0.12337732315063477, -0.48102993913393133, 1727899952320518242, 
-0.005965471267700195, -0.21835875511169434, -0.4705720476805926, 1727899952353068900, 
-0.015820801258087158, -0.04972308874130249, -0.559099947191995, 1727899952380256374, 
0.35632389783859253, 0.22176295518875122, -0.5017068303601755, 1727899952409388284, 
-0.012820184230804443, 0.09391391277313232, -0.5098883459712642, 1727899952439376749, 
0.03885519504547119, -0.7660085558891296, -0.47596174565277466, 1727899952470324080, 
0.24550384283065796, 0.13839852809906006, -0.49491826238616454, 1727899952500333530, 
-0.649473249912262, -0.028252363204956055, -0.5142040905860947, 1727899952530407363, 
0.548864483833313, -0.38027507066726685, -0.5150805937050239, 1727899952560525367, 
-0.1704730987548828, 0.22798395156860352, -0.4917006636563518, 1727899952592582712, 
0.09504234790802002, -0.45643550157546997, -0.5387974684776061, 1727899952620569659, 
-0.25279945135116577, 0.11167174577713013, -0.4706087538809197, 1727899952660574634, 
0.10475033521652222, -0.4050007462501526, -0.4997910656445874, 1727899952690692732, 
-0.13053804636001587, -0.20883119106292725, -0.5155095042004604, 1727899952720727362, 
-0.01589369773864746, 0.017401933670043945, -0.49291545607009124, 1727899952752872144, 
-0.21097052097320557, -0.3319846987724304, -0.545686654926336, 1727899952780817570, 
-0.10987436771392822, 0.09801065921783447, -0.5114822145550069, 1727899952809900659, 
0.14623886346817017, -0.14241260290145874, -0.4825417129013023, 1727899952840898519, 
0.0010929703712463379, -0.4824554920196533, -0.43954053760042644, 1727899952863408781, 
-0.1188388466835022, 0.05836188793182373, -0.5430245767780724, 1727899952891022513, 
-0.034026145935058594, 0.051567137241363525, -0.5021059048939568, 1727899952921079300, 
-0.30904489755630493, -0.3795393705368042, -0.49831320565125437, 1727899952951119049, 
0.09164363145828247, -0.03776752948760986, -0.5006948502535515, 1727899952981127674, 
0.021930694580078125, 0.0035546422004699707, -0.4837960300347991, 1727899953011336232, 
-0.13427186012268066, -0.2942119240760803, -0.47658418231214184, 1727899953041225980, 
0.22222918272018433, 0.07675236463546753, -0.47806572404456754, 1727899953072600813, 
-0.21257656812667847, -0.1533108353614807, -0.48568166837042853, 1727899953104773046, 
0.04818612337112427, -0.34830862283706665, -0.5834819281249082, 1727899953130383408, 
0.15803134441375732, 0.09777635335922241, -0.465340078688594, 1727899953160372234, 
-0.26431959867477417, 0.05817931890487671, -0.448835362902297, 1727899953191484116, 
-0.044553279876708984, -0.4331229329109192, -0.4785131899779482, 1727899953221518953, 
-0.06446760892868042, -0.15938109159469604, -0.49536006587641795, 1727899953251576195, 
0.578963041305542, -0.05257689952850342, -0.49732533218404273, 1727899953281609526, 
0.00755763053894043, 0.01518547534942627, -0.48609109517407606, 1727899953313571468, 
0.5164371132850647, -0.3849470615386963, -0.4984113232698478, 1727899953345123590, 
-0.3275752067565918, 0.07925057411193848, -0.5815118144529801, 1727899953371890503, 
-0.32293808460235596, -0.14664530754089355, -0.5051107714500934, 1727899953401775784, 
-0.00673753023147583, -0.3131164312362671, -0.4893590297777466, 1727899953430889854, 
0.2643875479698181, 0.2977214455604553, -0.5037053148679977, 1727899953461900555, 
0.22848308086395264, -0.4564340114593506, -0.5415391314825472, 1727899953491964141, 
-0.06584155559539795, -0.1358996033668518, -0.5113420062761915, 1727899953522005274, 
-0.046758294105529785, 0.11571133136749268, -0.4971374258295247, 1727899953552573933, 
-0.1086542010307312, -0.17125838994979858, -0.45309360832818035, 1727899953584821912, 
-0.21243762969970703, -0.169897198677063, -0.5469514726331458, 1727899953612236525, 
0.551038384437561, -0.25143200159072876, -0.5113194067342334, 1727899953642259575, 
0.33757758140563965, -0.05003046989440918, -0.5028560504590055, 1727899953672335902, 
0.7830845713615417, 0.14154517650604248, -0.4970156586228414, 1727899953702414155, 
-0.23559552431106567, -0.5909935235977173, -0.4831269119090035, 1727899953732453073, 
-0.05664640665054321, 0.11436963081359863, -0.49583906118577037, 1727899953762391300, 
0.28056949377059937, -0.1433112621307373, -0.5195249836988471, 1727899953792726221, 
-0.3531172275543213, -0.32452118396759033, -0.4768193430674743, 1727899953825170189, 
0.4719890356063843, 0.004871189594268799, -0.5465627030102118, 1727899953852587063, 
-0.07296371459960938, -0.02547377347946167, -0.4970037652921688, 1727899953882585135, 
0.0686500072479248, -0.3044389486312866, -0.48670065016725456, 1727899953912642755, 
0.01744556427001953, 0.08304458856582642, -0.5003650001863703, 1727899953942693252, 
-0.2736566662788391, -0.005493044853210449, -0.5049618795831121, 1727899953972752183, 
0.3527372479438782, -0.2216818928718567, -0.5094010813076599, 1727899954002770763, 
-0.2876424193382263, -0.17097121477127075, -0.519977582398399, 1727899954032842223, 
-0.48173344135284424, -0.03729510307312012, -0.4854872679665246, 1727899954064682696, 
0.46743929386138916, 0.17652475833892822, -0.49015622174833023, 1727899954095095982, 
-0.5671432614326477, -0.7546870112419128, -0.5445911328572239, 1727899954121978856, 
0.2976554036140442, 0.08820414543151855, -0.4819060974727568, 1727899954152981912, 
0.41639870405197144, -0.06455439329147339, -0.48950722620161585, 1727899954183021692, 
-0.32681745290756226, -0.45907753705978394, -0.4841283887096857, 1727899954213104300, 
0.3685488700866699, 0.10309135913848877, -0.48908730248487686, 1727899954243157443, 
-0.2642208933830261, -0.03637826442718506, -0.5077812968435199, 1727899954273276479, 
-0.1514703631401062, -0.4040793776512146, -0.4682751449599544, 1727899954304755578, 
0.4279058575630188, 0.07005208730697632, -0.48150621441788544, 1727899954336307633, 
-0.48628920316696167, -0.11581248044967651, -0.5712535526124145, 1727899954363435144, 
0.33269238471984863, -0.10326427221298218, -0.5120184799058373, 1727899954393401027, 
-0.2600584626197815, 0.07384729385375977, -0.5184114527294277, 1727899954423458720, 
-0.5543228387832642, -0.3307150602340698, -0.5000507235711037, 1727899954453491251, 
0.5391309857368469, -0.005830585956573486, -0.5111247997586585, 1727899954483535125, 
-0.35919225215911865, -0.21815741062164307, -0.5084583527436648, 1727899954513604849, 
-0.11125797033309937, -0.034139275550842285, -0.4689867847685596, 1727899954545088365, 
0.3267413377761841, -0.05576545000076294, -0.4667718566844985, 1727899954576690556, 
-0.1474602222442627, -0.2585980296134949, -0.5227546752363466, 1727899954603827382, 
0.28153276443481445, 0.08113068342208862, -0.4904015311107327, 1727899954633766962, 
-0.337870717048645, -0.16256844997406006, -0.5097746208204205, 1727899954663791580, 
-0.026659250259399414, -0.3125632405281067, -0.49310211661295994, 1727899954693899253, 
0.03306019306182861, 0.05808526277542114, -0.4945550834332579, 1727899954723958180, 
0.3362196087837219, -0.05689448118209839, -0.5049832311755059, 1727899954752999584, 
-0.2118965983390808, -0.2386341691017151, -0.473917277875532, 1727899954785258848, 
-0.25017017126083374, 0.12740707397460938, -0.48237346531739483, 1727899954817191526, 
-0.8228660821914673, -0.35760748386383057, -0.5497015608576481, 1727899954844194479, 
0.2135629653930664, -0.2435407042503357, -0.4874394492951728, 1727899954874233963, 
-0.19491231441497803, -0.029817581176757812, -0.4978575956853918, 1727899954904339886, 
-0.13541918992996216, -0.28510528802871704, -0.5013364313576287, 1727899954933357248, 
-0.032846033573150635, -0.02436929941177368, -0.4639795836909839, 1727899954964564268, 
-0.5117422342300415, -0.49152934551239014, -0.4863165778834748, 1727899954994609786, 
0.6253668069839478, -0.0981718897819519, -0.47511302921887294, 1727899955024784545, 
-0.24730664491653442, 0.1501266360282898, -0.4853337813698168, 1727899955056726256, 
0.13489967584609985, -0.5023852586746216, -0.5517164521342298, 1727899955084549815, 
-0.04615968465805054, 0.17305898666381836, -0.4983480886687916, 1727899955114572849, 
-0.040530502796173096, -0.0878443717956543, -0.510408478005668, 1727899955144613915, 
0.3300527334213257, -0.512200117111206, -0.500733797384071, 1727899955174646321, 
0.13339710235595703, 0.22883105278015137, -0.5155583548386871, 1727899955204737526, 
-0.4692413806915283, -0.26709622144699097, -0.5122492426405653, 1727899955234785142, 
0.4657100439071655, -0.21380579471588135, -0.4996967325178212, 1727899955264842128, 
-0.38773268461227417, 0.22186994552612305, -0.4865226485374039, 1727899955297434684, 
0.07343554496765137, -0.21728938817977905, -0.5389857316493446, 1727899955327205936, 
-0.20680969953536987, 0.15606147050857544, -0.5652958165986411, 1727899955355036736, 
0.021450340747833252, -0.2799469232559204, -0.5079924788875271, 1727899955385056380, 
0.03588014841079712, -0.11144262552261353, -0.5037945597869734, 1727899955415081995, 
-0.2319086790084839, 0.12741154432296753, -0.5023764711066482, 1727899955445169309, 
0.19328224658966064, -0.524819552898407, -0.48222839125644035, 1727899955475184528, 
-0.0323222279548645, 0.2913476228713989, -0.4884591187496524, 1727899955505261020, 
0.29581767320632935, -0.10934305191040039, -0.4676335987451025, 1727899955536755718, 
-0.2301003336906433, -0.48600131273269653, -0.4647311612319657, 1727899955568710271, 
0.33810853958129883, 0.13139218091964722, -0.5669162314148372, 1727899955595419381, 
-0.21127504110336304, 0.014966309070587158, -0.4853464144694444, 1727899955625448367, 
0.26581376791000366, -0.42692410945892334, -0.4832478570437689, 1727899955655450932, 
-0.3381004333496094, 0.326280415058136, -0.5046854978949452, 1727899955685535682, 
-0.43260908126831055, -0.15409791469573975, -0.5100253794300365, 1727899955715558282, 
0.27570122480392456, -0.23013293743133545, -0.5327569782308136, 1727899955745689224, 
0.14143621921539307, 0.07460200786590576, -0.4968740064682507, 1727899955777020247, 
-0.05356723070144653, -0.0675014853477478, -0.44800817952577654, 1727899955809150495, 
-0.10251420736312866, -0.16442620754241943, -0.5560480672441903, 1727899955835847768, 
-0.2706424593925476, -0.09245866537094116, -0.49547705607485154, 1727899955865860914, 
0.24161815643310547, -0.07011348009109497, -0.4686357692651239, 1727899955895874919, 
0.3232746720314026, -0.1590936779975891, -0.5034806703428626, 1727899955925976226, 
-0.0068056583404541016, -0.28103190660476685, -0.5155956141620944, 1727899955955941288, 
0.22225314378738403, -0.028587162494659424, -0.5106904157316641, 1727899955985034327, 
-0.5521184802055359, -0.04194670915603638, -0.4651873690976365, 1727899956016789261, 
0.40961796045303345, -0.46731990575790405, -0.4609135777428374, 1727899956048798273, 
-0.3704270124435425, 0.4040777087211609, -0.5620296981556143, 1727899956076173945, 
-0.16289174556732178, -0.457126259803772, -0.5113678559757197, 1727899956106254754, 
-0.07370299100875854, -0.006580233573913574, -0.5107141115118202, 1727899956136312634, 
0.04835176467895508, 0.18053841590881348, -0.5331305009949381, 1727899956165423036, 
-0.010626435279846191, -0.18318843841552734, -0.5036961320079865, 1727899956195443920, 
-0.1471385955810547, -0.05683618783950806, -0.4823767847635506, 1727899956227594124, 
-0.1124531626701355, -0.34824323654174805, -0.5118453681250718, 1727899956257577853, 
-0.026911020278930664, 0.08579528331756592, -0.48518615160248213, 1727899956288766763, 
-0.46628260612487793, -0.08763629198074341, -0.5418842290936051, 1727899956316552638, 
0.2748548984527588, -0.4357107877731323, -0.4802178405919875, 1727899956347315857, 
0.12587577104568481, -0.0939643383026123, -0.4909917036289539, 1727899956377276817, 
0.6080312132835388, 0.10297912359237671, -0.4900871764983695, 1727899956407332791, 
0.3259437680244446, -0.42473387718200684, -0.48334755626895937, 1727899956437270544, 
-0.32133549451828003, 0.0920785665512085, -0.4991076799566289, 1727899956467395020, 
0.17671269178390503, -0.2351996898651123, -0.5023911512203527, 1727899956497403090, 
-0.23916596174240112, -0.21090030670166016, -0.4715237781646779, 1727899956529215133, 
0.2676079273223877, 0.11319506168365479, -0.4990936019613148, 1727899956558905176, 
0.020227253437042236, -0.1516854166984558, -0.5155923724574537, 1727899956587479007, 
0.491474449634552, -0.2660982012748718, -0.5168129985295233, 1727899956616385974, 
-0.3260820508003235, -0.09385442733764648, -0.486549359309093, 1727899956647441627, 
-0.22963768243789673, 0.041288673877716064, -0.5063979927601892, 1727899956677437726, 
-0.15647917985916138, -0.014393150806427002, -0.5265012634052008, 1727899956707489737, 
-0.25994187593460083, -0.5571902394294739, -0.5123683807981713, 1727899956737493749, 
0.554040253162384, 0.0467681884765625, -0.4618433027879951, 1727899956769211168, 
0.5272207260131836, 0.3200675845146179, -0.4749973785813206, 1727899956801035883, 
0.04817807674407959, -0.600239098072052, -0.5685315974514346, 1727899956827705841, 
-0.10388839244842529, 0.036041855812072754, -0.5206352855103714, 1727899956857614199, 
-0.1877853274345398, 0.05089777708053589, -0.5009185436821191, 1727899956887684510, 
0.18812817335128784, -0.5398663282394409, -0.4725593393283259, 1727899956917642952, 
0.11529874801635742, 0.37629973888397217, -0.5086303467298372, 1727899956947694964, 
0.20210319757461548, -0.38273167610168457, -0.514963098111997, 1727899956977771498, 
0.25791215896606445, -0.28639358282089233, -0.48162978602234424, 1727899957009003132, 
-0.2726770043373108, 0.10940682888031006, -0.4822265999657924, 1727899957040814914, 
-0.15942424535751343, -0.1280955672264099, -0.5457268999518623, 1727899957067825970, 
-0.3617953658103943, -0.13610953092575073, -0.520573142067045, 1727899957097801994, 
0.2984660267829895, -0.1253388524055481, -0.5284800946787028, 1727899957127825842, 
-0.08173006772994995, -0.1973140835762024, -0.4950067199680827, 1727899957157863829, 
0.9864944815635681, 0.20231717824935913, -0.5180076524022588, 1727899957187947468, 
0.12181299924850464, -0.5655450224876404, -0.5116046980482306, 1727899957218041539, 
-0.2729870676994324, 0.18130165338516235, -0.48415015383036364, 1727899957248911486, 
0.1811739206314087, -0.10205221176147461, -0.4678376954204085, 1727899957281490110, 
-0.5708167552947998, -0.19209349155426025, -0.5672629633179138, 1727899957308232537, 
0.5057885646820068, 0.1483745574951172, -0.5025442282975214, 1727899957338188861, 
0.35251879692077637, -0.29352015256881714, -0.4807922125326525, 1727899957368247321, 
0.18551242351531982, -0.2274942398071289, -0.47894063586927577, 1727899957398303725, 
0.12096285820007324, 0.21893948316574097, -0.5038285816960854, 1727899957427368881, 
-0.5523855090141296, -0.1934819221496582, -0.48615039204071003, 1727899957458445846, 
0.3349062204360962, -0.1264144778251648, -0.4878564131896466, 1727899957488763822, 
-0.27126365900039673, -0.0456964373588562, -0.4522274298037701, 1727899957520765671, 
-0.6601138114929199, 0.07351487874984741, -0.5388419541544227, 1727899957548593929, 
0.2747616171836853, -0.09836304187774658, -0.5048568548531974, 1727899957578577080, 
-0.515487551689148, -0.5974239706993103, -0.5013372699956219, 1727899957608580034, 
0.3364829421043396, 0.07898074388504028, -0.49298852975608853, 1727899957638640762, 
0.06450545787811279, 0.08583492040634155, -0.5038337432039336, 1727899957668783797, 
-0.07266074419021606, -0.45560407638549805, -0.5061854676343244, 1727899957698751376, 
-0.008758187294006348, 0.06292217969894409, -0.49656927753440216, 1727899957729418725, 
-0.32857537269592285, -0.05011391639709473, -0.48326560974841165, 1727899957760804816, 
0.52634197473526, -0.39378178119659424, -0.48238817951931867, 1727899957791001671, 
-0.2214178442955017, 0.3275006413459778, -0.5450138699051107, 1727899957819034020, 
0.20132917165756226, -0.31201863288879395, -0.5218679989585137, 1727899957849018678, 
0.041143834590911865, -0.08536750078201294, -0.5028115293216338, 1727899957879074004, 
-0.2659367322921753, 0.006947636604309082, -0.49559397092456076, 1727899957909123748, 
-0.46528738737106323, -0.1446284055709839, -0.494527954063239, 1727899957939194987, 
0.18197041749954224, -0.04111754894256592, -0.5225992200469666, 1727899957969211815, 
-0.32523787021636963, -0.20808762311935425, -0.463740579305922, 1727899958000811773, 
-0.0643969178199768, 0.013003289699554443, -0.45981642927156613, 1727899958032626493, 
0.03905892372131348, 0.03869068622589111, -0.5665014641379388, 1727899958059395265, 
0.046696245670318604, -0.42397040128707886, -0.5222889089493257, 1727899958088377981, 
0.1227232813835144, 0.11203670501708984, -0.4940942358985628, 1727899958119478145, 
-0.31896907091140747, -0.12392932176589966, -0.5059094117326194, 1727899958149492611, 
0.06676626205444336, -0.3831256628036499, -0.4983483748416507, 1727899958179572466, 
0.037112534046173096, 0.2001734972000122, -0.5131020793633942, 1727899958209624717, 
0.175123929977417, -0.0990409255027771, -0.4669461448943135, 1727899958241488540, 
0.10056936740875244, -0.1776045560836792, -0.47272735829041623, 1727899958272853208, 
0.2463533878326416, -0.23266464471817017, -0.5424432341112716, 1727899958309762364, 
-0.5460649132728577, 0.025278568267822266, -0.4914110919634576, 1727899958339853697, 
0.5567457675933838, -0.03136587142944336, -0.47461391301358047, 1727899958369913434, 
-0.5598737001419067, 0.010502994060516357, -0.474781526816903, 1727899958400866434, 
0.03275865316390991, -0.031649887561798096, -0.4553809550767139, 1727899958433423350, 
0.017433881759643555, 0.15877580642700195, -0.5649326768808896, 1727899958460041278, 
-0.10478055477142334, -0.6028381586074829, -0.48775886012527686, 1727899958490050249, 
-0.008337020874023438, -0.03981006145477295, -0.4823359088755401, 1727899958520092409, 
-0.09294599294662476, 0.24687206745147705, -0.5361073048299527, 1727899958549143397, 
0.032959938049316406, -0.3805953860282898, -0.5083773667783569, 1727899958580229555, 
-0.1944795846939087, 0.11190444231033325, -0.4993316451854128, 1727899958610554570, 
0.0290372371673584, 0.007255434989929199, -0.4915907499313878, 1727899958640831442, 
0.11916244029998779, -0.2436513900756836, -0.4796757566298525, 1727899958672881017, 
-0.05832749605178833, 0.0695723295211792, -0.5631226634530935, 1727899958700560998, 
-0.11862671375274658, -0.2507585883140564, -0.4958581811986456, 1727899958730515968, 
0.03110682964324951, -0.10627734661102295, -0.5106721286547388, 1727899958760717340, 
-0.40637677907943726, -0.3930400609970093, -0.508816780450897, 1727899958790735236, 
0.1193193793296814, -0.054049551486968994, -0.4965498254318808, 1727899958820646970, 
-0.050926029682159424, -0.061195552349090576, -0.48866543412253066, 1727899958850678814, 
-0.040479838848114014, -0.12829571962356567, -0.4875336941795868, 1727899958881305161, 
0.3501957058906555, 0.019663095474243164, -0.490100917950497, 1727899958913179148, 
0.1932007074356079, -0.27860379219055176, -0.5430717458159026, 1727899958940838242, 
-0.2271956205368042, -0.17034155130386353, -0.48440825175325863, 1727899958970854363, 
-0.36341220140457153, 0.25338393449783325, -0.4938015870235401, 1727899959000902120, 
0.09385144710540771, -0.36934995651245117, -0.4802979028833876, 1727899959031038549, 
0.13781380653381348, 0.0021249055862426758, -0.49514276924801165, 1727899959060970409, 
0.003264904022216797, -0.24507451057434082, -0.5059870750874109, 1727899959091021748, 
0.43339139223098755, 0.022378087043762207, -0.49401357299617543, 1727899959121087525, 
0.2948909401893616, -0.06054651737213135, -0.47961954136182855, 1727899959152877487, 
-0.46980488300323486, -0.19355648756027222, -0.4943001238659494, 1727899959183257966, 
0.09687048196792603, -0.0453031063079834, -0.5438001766391667, 1727899959210248290, 
-0.11642223596572876, -0.08480268716812134, -0.4868119167140053, 1727899959241290109, 
-0.10796785354614258, -0.31973332166671753, -0.5189825275499318, 1727899959270377866, 
0.3977510333061218, 0.06404298543930054, -0.4819154148842517, 1727899959301417153, 
0.0022736787796020508, 0.10851436853408813, -0.5107476404624229, 1727899959331553060, 
-0.1659691333770752, -0.6040746569633484, -0.4630817252141497, 1727899959362020782, 
-0.08127069473266602, 0.1891878843307495, -0.4343606721595316, 1727899959393240422, 
-0.056642889976501465, 0.10689949989318848, -0.480972853409868, 1727899959424680779, 
-0.09023886919021606, -0.4483606815338135, -0.5872572503420574, 1727899959451653657, 
0.2020120620727539, 0.04198646545410156, -0.5151099789963995, 1727899959481682815, 
0.7013956904411316, 0.17461562156677246, -0.5022431486787263, 1727899959511712150, 
0.1758345365524292, -0.21315020322799683, -0.5218567536028007, 1727899959541760366, 
-0.6537404656410217, 0.10123497247695923, -0.538718164933422, 1727899959571949835, 
0.41778069734573364, -0.3179844617843628, -0.5027805460652528, 1727899959601861041, 
-0.5916735529899597, 0.06488037109375, -0.4867175590584395, 1727899959632886695, 
0.20339250564575195, -0.18052411079406738, -0.4946958808115006, 1727899959665144860, 
-0.15740686655044556, -0.2631267309188843, -0.5722292404278854, 1727899959692024467, 
-0.022719860076904297, 0.14196383953094482, -0.5009533899499706, 1727899959722096596, 
-0.14015203714370728, -0.047541260719299316, -0.4924180212044637, 1727899959752126905, 
-0.24099397659301758, 0.0070972442626953125, -0.5000428642257283, 1727899959782183204, 
0.16823524236679077, -0.1782272458076477, -0.5029189445957005, 1727899959812264140, 
-0.33086103200912476, -0.306652307510376, -0.5037056139678281, 1727899959842306526, 
-0.05181241035461426, 0.08150774240493774, -0.49703888863788503, 1727899959872894931, 
0.6102245450019836, 0.24641984701156616, -0.43686442359252664, 1727899959906081633, 
-0.09798747301101685, -0.557762086391449, -0.5399599640678606, 1727899959932497069, 
-0.2964800000190735, 0.06979209184646606, -0.49577731023527083, 1727899959962464490, 
0.5220083594322205, -0.04565083980560303, -0.48642390638937666, 1727899959992522835, 
0.046021342277526855, 0.06001007556915283, -0.505196215225725, 1727899960022845526, 
-0.35552918910980225, -0.23643529415130615, -0.4930812395841439, 1727899960052599432, 
-0.41379261016845703, -0.09727710485458374, -0.48577956236738645, 1727899960082644405, 
0.3732938766479492, 0.03524357080459595, -0.49865686418233846, 1727899960112941440, 
-0.16022014617919922, -0.20443332195281982, -0.46245694107225205, 1727899960145480003, 
0.43568122386932373, 0.0074315667152404785, -0.5455530607219964, 1727899960172888373, 
-0.14787226915359497, 0.13011538982391357, -0.5024952802476407, 1727899960202885934, 
-0.3701326251029968, -0.5802475214004517, -0.48177449086356783, 1727899960232868761, 
-0.6094735264778137, 0.2036091685295105, -0.4902571401726569, 1727899960262977230, 
0.17937242984771729, 0.037715137004852295, -0.5109588852702245, 1727899960292982673, 
-0.1499747633934021, -0.43043428659439087, -0.49508431996408286, 1727899960323102377, 
-0.2112945318222046, 0.14167791604995728, -0.5189795237404583, 1727899960353410995, 
0.3196054697036743, -0.2524029016494751, -0.4757389441904754, 1727899960385157811, 
-0.024522364139556885, -0.08646565675735474, -0.47721313978851704, 1727899960415246235, 
-0.5868980884552002, 0.0038704276084899902, -0.5609351500975418, 1727899960442300010, 
0.23067563772201538, -0.375549852848053, -0.49025993651664496, 1727899960473291584, 
0.0677003264427185, 0.025714993476867676, -0.5452872202282655, 1727899960503331511, 
0.13634270429611206, -0.29244720935821533, -0.5430116436895535, 1727899960532347590, 
-0.05916708707809448, -0.013001203536987305, -0.4745726815910231, 1727899960563422195, 
0.20031630992889404, 0.18187636137008667, -0.506038848955044, 1727899960593485168, 
-0.4780052900314331, -0.36397260427474976, -0.4873617211015565, 1727899960625252976, 
-1.0130047798156738, 0.001395583152770996, -0.4791873524407788, 1727899960656617106, 
0.7228743433952332, 0.19069063663482666, -0.538564732165089, 1727899960683719797, 
-0.6727392077445984, -0.5338722467422485, -0.48294249944408874, 1727899960713652011, 
-0.2480001449584961, 0.22030705213546753, -0.4123722644807795, 1727899960737501358, 
0.36485737562179565, 0.020606517791748047, -0.5497869691591776, 1727899960773794890, 
-0.4543716311454773, -0.029513835906982422, -0.49076773693929737, 1727899960803846643, 
0.36703670024871826, -0.16529321670532227, -0.49196788488057414, 1727899960833922110, 
-0.37287914752960205, -0.21398299932479858, -0.4687969731039037, 1727899960865553273, 
0.4023095965385437, 0.02251344919204712, -0.47318305637583785, 1727899960897134460, 
0.004197835922241211, -0.03353846073150635, -0.548059541674196, 1727899960924076797, 
-0.18978196382522583, -0.05860680341720581, -0.4815806439670856, 1727899960954059283, 
0.29478609561920166, 0.028965413570404053, -0.5096353716021447, 1727899960984096041, 
-0.48542100191116333, -0.21876156330108643, -0.5287047834094634, 1727899961014135275, 
-0.8296710252761841, -0.052191972732543945, -0.5060220277383087, 1727899961044186491, 
0.12251299619674683, 0.17603927850723267, -0.4945361477367226, 1727899961073319934, 
-0.7288147807121277, -0.6156579852104187, -0.45755770429988546, 1727899961104275476, 
-0.024399936199188232, 0.0798649787902832, -0.4508897034005047, 1727899961137098334, 
0.3609280586242676, 0.15351277589797974, -0.5593264741809066, 1727899961164420981, 
-0.40032559633255005, -0.3963587284088135, -0.5024797493870953, 1727899961194502869, 
0.0030872225761413574, 0.1363089680671692, -0.49507601218828645, 1727899961224535303, 
-0.38947516679763794, -0.041897594928741455, -0.4966374024352798, 1727899961254640954, 
0.32239848375320435, -0.3063740134239197, -0.5040003624028419, 1727899961284713002, 
-0.49499183893203735, -0.1614277958869934, -0.504450975629408, 1727899961314770125, 
0.5745227932929993, -0.13349610567092896, -0.47227543008233774, 1727899961345322591, 
-0.12009286880493164, 0.013452649116516113, -0.47060278777659054, 1727899961378033656, 
0.3733445405960083, -0.37930941581726074, -0.5975542554210385, 1727899961404859464, 
-0.24789530038833618, 0.1950550079345703, -0.5234379989809798, 1727899961434857229, 
0.5604696869850159, -0.05998337268829346, -0.51239922144675, 1727899961464887642, 
-0.44231724739074707, -0.1374446153640747, -0.48493389252745656, 1727899961494923519, 
-0.23672109842300415, -0.024942398071289062, -0.5007824005413835, 1727899961524993028, 
-0.105782151222229, -0.16463631391525269, -0.5109372966160922, 1727899961555049187, 
-0.09970653057098389, -0.03319281339645386, -0.4914144690360517, 1727899961585215573, 
-0.023960530757904053, -0.03633010387420654, -0.46079765817720897, 1727899961617433002, 
-0.011102497577667236, -0.13938021659851074, -0.4821063712519232, 1727899961647333316, 
0.08426696062088013, -0.024693667888641357, -0.5195671079693864, 1727899961674345691, 
-0.2738511562347412, -0.13376933336257935, -0.4841274283252357, 1727899961705317957, 
-0.07979381084442139, -0.25935643911361694, -0.5286495715314062, 1727899961734395212, 
0.18337482213974, 0.014064311981201172, -0.4873306283461581, 1727899961765405823, 
0.34585481882095337, -0.5196356773376465, -0.4938975398459903, 1727899961795493596, 
-0.1344171166419983, 0.25761425495147705, -0.4786012071315623, 1727899961826657505, 
0.645117461681366, -0.03258872032165527, -0.4917415006867237, 1727899961857103505, 
-0.3485361337661743, -0.368230938911438, -0.48210289635213344, 1727899961888948986, 
0.3401593565940857, -0.1065148115158081, -0.5577580346123258, 1727899961925668368, 
-0.2907865047454834, 0.07417875528335571, -0.5169113362652128, 1727899961955693216, 
0.17851638793945312, -0.12411439418792725, -0.485350349562841, 1727899961985761326, 
0.0905989408493042, -0.16424602270126343, -0.4589403010985499, 1727899962017516775, 
-0.13809305429458618, -0.058217406272888184, -0.47791639864875823, 1727899962049334850, 
0.1270464062690735, -0.09464001655578613, -0.5886866579133385, 1727899962075951969, 
-0.24186712503433228, -0.21590012311935425, -0.5288987310263674, 1727899962105912144, 
0.005921840667724609, -0.2883346676826477, -0.4908179415019632, 1727899962136021761, 
-0.11590653657913208, 0.23588430881500244, -0.47633815460111717, 1727899962166094730, 
-0.4908331632614136, -0.30534934997558594, -0.4927355627520099, 1727899962196108491, 
0.6959105730056763, -0.017106711864471436, -0.48035992735990374, 1727899962226336443, 
0.0031258463859558105, -0.19198757410049438, -0.5102127541779802, 1727899962257208843, 
-0.16009056568145752, -0.26846688985824585, -0.48993504423553763, 1727899962289046340, 
0.08314275741577148, -0.003737032413482666, -0.5494913603222522, 1727899962316335773, 
-0.11528289318084717, -0.13937360048294067, -0.4954296385866749, 1727899962345450867, 
0.10138040781021118, -0.09193223714828491, -0.4690977383113366, 1727899962376454608, 
-0.17590612173080444, -0.04612082242965698, -0.5111101604814448, 1727899962406492227, 
0.4092930555343628, -0.26778918504714966, -0.5187250234141979, 1727899962436611590, 
-0.14528632164001465, -0.0030017495155334473, -0.5152443857344258, 1727899962466697825, 
-0.10294628143310547, -0.16194039583206177, -0.49570013209089175, 1727899962497449177, 
0.07549107074737549, -0.0747177004814148, -0.4423281585976257, 1727899962529558973, 
-0.20752817392349243, 0.1436384916305542, -0.5078074224428968, 1727899962556808015, 
-0.6275806427001953, -0.11013644933700562, -0.47596198400351264, 1727899962586968032, 
0.19625520706176758, -0.3871682286262512, -0.4957791978563793, 1727899962617625807, 
-0.3290805220603943, 0.2699376940727234, -0.5566460976359164, 1727899962646832455, 
-0.4058334231376648, -0.26572370529174805, -0.5134154618088438, 1727899962676913368, 
0.18869388103485107, -0.12106108665466309, -0.4776989029661594, 1727899962707572406, 
0.12161105871200562, 0.1660577654838562, -0.4872611564461491, 1727899962737700572, 
-0.07930624485015869, -0.24792039394378662, -0.46725678556000655, 1727899962769087724, 
-0.26938438415527344, -0.14909851551055908, -0.4978949629758582, 1727899962799226110, 
-0.20375275611877441, -0.008332431316375732, -0.5452635300491583, 1727899962827694552, 
0.260248601436615, -0.17504996061325073, -0.4917965061683986, 1727899962857740919, 
0.07478904724121094, -0.01805645227432251, -0.49440245835847374, 1727899962887698910, 
-0.05302155017852783, -0.19525915384292603, -0.49554997574097714, 1727899962917771277, 
-0.014734148979187012, -0.1649419069290161, -0.49453992394832685, 1727899962947746590, 
-0.8808537125587463, 0.01973193883895874, -0.5128794890653066, 1727899962977816585, 
0.524703860282898, -0.6011465191841125, -0.48353763154994317, 1727899963009135142, 
-0.35909879207611084, 0.382348895072937, -0.49182715964652346, 1727899963040290038, 
-0.22315138578414917, -0.35734856128692627, -0.5655949877905946, 1727899963067860457, 
-0.06139177083969116, -0.16334158182144165, -0.48953499040272336, 1727899963097878858, 
-0.03460413217544556, 0.15750420093536377, -0.5090948208044147, 1727899963127823053, 
0.02521616220474243, -0.1713101863861084, -0.5275668712729112, 1727899963157895003, 
-0.4945567846298218, -0.10230636596679688, -0.5272777015918801, 1727899963187858544, 
0.4678862690925598, -0.11923807859420776, -0.5074137594736093, 1727899963217986038, 
-0.21143311262130737, -0.07936739921569824, -0.4753450556733929, 1727899963249164740, 
-0.1261398196220398, 0.08116823434829712, -0.48996167605073115, 1727899963280386025, 
0.34308701753616333, -0.45448732376098633, -0.5408996975683803, 1727899963308067475, 
-0.022190332412719727, 0.0838823914527893, -0.5067385076015022, 1727899963338002589, 
-0.4927419424057007, 0.029223203659057617, -0.5009641953200018, 1727899963368029108, 
0.19489037990570068, -0.5581035614013672, -0.46707438335598456, 1727899963398049203, 
-0.5907838940620422, 0.41793888807296753, -0.5030688748394073, 1727899963428084015, 
0.10525351762771606, -0.22701352834701538, -0.5100081653457871, 1727899963458170939, 
-0.3990623950958252, -0.3482635021209717, -0.4596065389771506, 1727899963489835300, 
0.308429479598999, 0.19707077741622925, -0.4685908728938898, 1727899963521103077, 
-0.2639888525009155, -0.2739875316619873, -0.5423674260246827, 1727899963548312275, 
-0.4261022210121155, -0.24484705924987793, -0.5051413450087116, 1727899963577376503, 
0.29837286472320557, 0.0012496709823608398, -0.5034256920133963, 1727899963607354465, 
-0.3050030469894409, -0.10964900255203247, -0.500519893408879, 1727899963637430307, 
0.2416481375694275, -0.08946937322616577, -0.49422739340837046, 1727899963668464399, 
0.07232123613357544, -0.006099104881286621, -0.5110376288089644, 1727899963698560930, 
0.24179840087890625, -0.3502039909362793, -0.45718122566110475, 1727899963729489840, 
-0.5634875297546387, -0.02570927143096924, -0.46768389725707776, 1727899963761395286, 
0.3909369707107544, -0.059634268283843994, -0.5705068719997042, 1727899963788755098, 
-0.4978554844856262, 0.001613616943359375, -0.5282698240532484, 1727899963818850432, 
-0.22138094902038574, -0.17663806676864624, -0.5341750615311549, 1727899963849099315, 
0.003473222255706787, -0.43228936195373535, -0.508790338616235, 1727899963878905586, 
0.4092795252799988, 0.31465381383895874, -0.49617479110409735, 1727899963908856362, 
0.1177377700805664, -0.32962465286254883, -0.5118400335347635, 1727899963938957543, 
0.13572752475738525, -0.16327017545700073, -0.4881306761211299, 1727899963969147059, 
-0.14320427179336548, 0.03188371658325195, -0.48102456404205507, 1727899964001599244, 
-0.19323354959487915, -0.1803407073020935, -0.5586394610925998, 1727899964029074055, 
-0.18863636255264282, -0.10469651222229004, -0.5000506378507882, 1727899964059102233, 
0.32730382680892944, -0.1414831280708313, -0.4966547238394042, 1727899964089188144, 
0.3240022659301758, -0.2312818169593811, -0.477731881585383, 1727899964119223400, 
0.5089100003242493, 0.24359667301177979, -0.49000899786212243, 1727899964149255238, 
0.2512715458869934, -0.5217262506484985, -0.5073312425442518, 1727899964179337023, 
-0.20052635669708252, 0.17544865608215332, -0.5295505945326048, 1727899964208368349, 
-0.06677770614624023, -0.19299036264419556, -0.47114787260049235, 1727899964241157727, 
-0.30524390935897827, -0.3840939998626709, -0.4696066579960836, 1727899964272289541, 
0.20099890232086182, 0.0097275972366333, -0.538805008718497, 1727899964309537410, 
0.04902762174606323, -0.16463375091552734, -0.4990435105748278, 1727899964339603818, 
-0.0688658356666565, -0.17020994424819946, -0.5142070485833301, 1727899964369705305, 
-0.15442997217178345, -0.0422898530960083, -0.4669055669093959, 1727899964401739270, 
-0.1122024655342102, -0.046575069427490234, -0.47304521374034175, 1727899964432694135, 
0.09959262609481812, -0.06415027379989624, -0.531392789423845, 1727899964459804786, 
-0.21744036674499512, -0.29421502351760864, -0.49043600134644083, 1727899964489807440, 
0.314879834651947, -0.034402668476104736, -0.42774572936491245, 1727899964513416519, 
0.5871769189834595, 0.04417717456817627, -0.5636232219523709, 1727899964539946524, 
0.07818132638931274, -0.2704559564590454, -0.48449182705801985, 1727899964569944959, 
-0.181779146194458, -0.07417410612106323, -0.48815629370697955, 1727899964599975746, 
0.2958311438560486, -0.16939961910247803, -0.48397338713090404, 1727899964630059483, 
-0.23674416542053223, -0.2580442428588867, -0.4993417405010324, 1727899964660098034, 
0.13713496923446655, -0.03888523578643799, -0.5060457695971811, 1727899964690180404, 
-0.09891319274902344, -0.0755465030670166, -0.49797376825816436, 1727899964721193183, 
0.3806973695755005, -0.47879350185394287, -0.481818196079666, 1727899964753144639, 
-0.048478126525878906, 0.05039334297180176, -0.5662370117113192, 1727899964780395983, 
-0.5183585286140442, -0.3079320788383484, -0.4981512222273258, 1727899964810345058, 
-0.025040090084075928, -0.14323341846466064, -0.48197890986227465, 1727899964840412040, 
0.19167965650558472, 0.11584967374801636, -0.527402916771478, 1727899964870464343, 
0.26813018321990967, -0.40944093465805054, -0.5452222541317172, 1727899964899491902, 
0.31960606575012207, 0.042630672454833984, -0.4954547000144238, 1727899964930571803, 
0.49162429571151733, -0.13854241371154785, -0.46862752012742104, 1727899964962086246, 
-0.4260205626487732, -0.17602485418319702, -0.46518541275304337, 1727899964993172438, 
-0.1122942566871643, -0.15410608053207397, -0.5417235426500269, 1727899965020766404, 
0.2562573552131653, -0.353765070438385, -0.49765145218009454, 1727899965050756554, 
0.03699600696563721, 0.1849188208580017, -0.49512636602820587, 1727899965080850583, 
-0.17403966188430786, -0.056430816650390625, -0.5208992603041456, 1727899965111111222, 
-0.1290043592453003, -0.6698161959648132, -0.49633439924079187, 1727899965141043844, 
0.08044058084487915, 0.1199522614479065, -0.47819622248305743, 1727899965170979760, 
0.05811631679534912, -0.042353808879852295, -0.49267588451926153, 1727899965201165421, 
0.006893813610076904, -0.3188326358795166, -0.48264924616623, 1727899965233431923, 
0.01462787389755249, 0.1198686957359314, -0.5916950943619287, 1727899965261129069, 
-0.8136038184165955, -0.43062496185302734, -0.5144614567373923, 1727899965291178078, 
0.4012190103530884, -0.11726969480514526, -0.4794347703949004, 1727899965321209456, 
-0.3576818108558655, -0.1211211085319519, -0.5015131039789714, 1727899965351259011, 
-0.1988142728805542, -0.19665324687957764, -0.5215370095543206, 1727899965381268670, 
0.4820186495780945, -0.004044830799102783, -0.5040682411995869, 1727899965411327144, 
-0.36457663774490356, -0.21677976846694946, -0.5127465181302262, 1727899965440377976, 
0.473513662815094, 0.068759024143219, -0.4243965385797716, 1727899965473925180, 
-0.5319671034812927, -0.039648234844207764, -0.4972109141686875, 1727899965503431186, 
-0.7777593731880188, -0.46411585807800293, -0.5305357861138467, 1727899965531527442, 
0.832054853439331, 0.04469233751296997, -0.4979129804486542, 1727899965560573435, 
-0.3773345947265625, -0.33279699087142944, -0.49702755721904207, 1727899965591648153, 
-0.13262003660202026, -0.46034252643585205, -0.5036401010554816, 1727899965621770648, 
0.39450353384017944, 0.058827996253967285, -0.5115718058496187, 1727899965651741907, 
-0.699274480342865, -0.5942361354827881, -0.5194889365990898, 1727899965681831108, 
0.7594276666641235, 0.08586281538009644, -0.4686805616746169, 1727899965713214968, 
-0.07149684429168701, -0.17825275659561157, -0.4919108859730436, 1727899965744563162, 
-0.1645640730857849, -0.1301136612892151, -0.5584851352365072, 1727899965771957815, 
0.24710071086883545, -0.21678853034973145, -0.5004851274120846, 1727899965801952803, 
-0.17734098434448242, -0.12118476629257202, -0.47858633870316175, 1727899965832049246, 
-0.08517080545425415, 0.07525122165679932, -0.48171804014391645, 1727899965862119010, 
-0.28580331802368164, -0.19378966093063354, -0.505833004372206, 1727899965892242785, 
0.18257832527160645, -0.3268741965293884, -0.5064085594721979, 1727899965922164697, 
-0.012054443359375, 0.007989883422851562, -0.4731935355332037, 1727899965953551966, 
0.039762914180755615, -0.09846746921539307, -0.45703295178444453, 1727899965985837909, 
-0.01499021053314209, -0.1998249888420105, -0.5494698506602695, 1727899966012277550, 
-0.21889829635620117, -0.009624660015106201, -0.4934983499703359, 1727899966042340747, 
-0.458193838596344, -0.29240983724594116, -0.49024586566055545, 1727899966072392733, 
0.018623650074005127, -0.2999081611633301, -0.49125970133384167, 1727899966102471659, 
-0.18060815334320068, 0.07147729396820068, -0.5139327058444999, 1727899966132481446, 
-0.10382962226867676, -0.3442409038543701, -0.5096751888928198, 1727899966162814955, 
0.29896557331085205, -0.2305099368095398, -0.48603281473199345, 1727899966193505379, 
0.16242831945419312, 0.048799216747283936, -0.47413487983484653, 1727899966225690474, 
-0.240911602973938, -0.2135372757911682, -0.5597110592400569, 1727899966252776460, 
-0.1926645040512085, -0.18279069662094116, -0.5015231833406012, 1727899966282747516, 
-0.08120465278625488, 0.09169536828994751, -0.5076175419473443, 1727899966312800389, 
0.14575523138046265, -0.19513100385665894, -0.4750010298252727, 1727899966342904526, 
0.045647501945495605, 0.021190643310546875, -0.5112969371073919, 1727899966372395991, 
0.13864344358444214, -0.5542858839035034, -0.49919675909047456, 1727899966403044529, 
0.21692276000976562, 0.044735729694366455, -0.4889278296485588, 1727899966433686473, 
-0.3692576289176941, 0.1024283766746521, -0.5006206542053684, 1727899966464387734, 
0.6204614043235779, -0.6125970482826233, -0.5311625155481876, 1727899966493114807, 
-0.34594017267227173, 0.47603172063827515, -0.5128320144811257, 1727899966523105982, 
-0.05754518508911133, -0.4005371332168579, -0.5117498926831671, 1727899966553147126, 
-0.24847924709320068, -0.16497796773910522, -0.48671067154215, 1727899966583198953, 
-0.019364595413208008, 0.06983089447021484, -0.5182069172415665, 1727899966613284007, 
0.09613972902297974, -0.2757225036621094, -0.5375048587816641, 1727899966643313415, 
-0.1423901915550232, -0.015708625316619873, -0.5286499491767541, 1727899966673453740, 
0.16618365049362183, -0.13440662622451782, -0.48195638443713595, 1727899966705437407, 
-0.27773165702819824, -0.13145792484283447, -0.49497273637222844, 1727899966735546378, 
0.08471602201461792, -0.040505290031433105, -0.5291415349345012, 1727899966763615323, 
-0.0661996603012085, -0.3591427206993103, -0.5059299569385203, 1727899966793558518, 
0.6254620552062988, -0.03268700838088989, -0.5190708949546572, 1727899966823631103, 
-0.08369934558868408, -0.0035389065742492676, -0.505802458692601, 1727899966853642654, 
-0.3052184581756592, -0.5061578750610352, -0.4665733688178798, 1727899966883777743, 
-0.0326918363571167, 0.25974607467651367, -0.47298182364828634, 1727899966913772911, 
-0.36900001764297485, -0.22522646188735962, -0.465707659945841, 1727899966945926515, 
-0.16668671369552612, -0.5543538331985474, -0.48910152460184103, 1727899966976616124, 
0.5244615077972412, 0.3037545680999756, -0.5439723488947212, 1727899967003977204, 
-0.2027556300163269, -0.15378612279891968, -0.5046821104937241, 1727899967033936243, 
0.1939154863357544, -0.25350022315979004, -0.49950476987419096, 1727899967063990444, 
-0.13141238689422607, 0.005255639553070068, -0.49986904256487974, 1727899967094051540, 
-0.09007686376571655, -0.24218392372131348, -0.48798978234887486, 1727899967124146319, 
0.21118783950805664, -0.044064462184906006, -0.5171194803939281, 1727899967154200200, 
-0.20993036031723022, -0.03887903690338135, -0.5107168309367488, 1727899967185483693, 
0.43919503688812256, -0.4279429316520691, -0.46027789300307026, 1727899967217497270, 
0.012739777565002441, 0.10951119661331177, -0.5770551676769723, 1727899967243388766, 
-0.1918160319328308, -0.1180030107498169, -0.4942631596952015, 1727899967273372622, 
0.0045375823974609375, -0.08163285255432129, -0.4657562032874208, 1727899967304452365, 
-0.5755120515823364, -0.120430588722229, -0.5168088231568869, 1727899967334447140, 
0.15457487106323242, -0.4952065944671631, -0.5142607181986715, 1727899967364517129, 
0.34530073404312134, 0.22634798288345337, -0.5076468851139768, 1727899967394549187, 
-0.2898191213607788, -0.2144678235054016, -0.4772203022146288, 1727899967426034279, 
0.18356209993362427, -0.192793071269989, -0.47446603845211976, 1727899967456809040, 
-0.08083367347717285, 0.11311280727386475, -0.5487964659690724, 1727899967484785295, 
0.2684255838394165, -0.2347790002822876, -0.5034717565350493, 1727899967514725220, 
-0.08893942832946777, -0.13895785808563232, -0.5012946529532286, 1727899967544760385, 
0.4157983064651489, 0.023377716541290283, -0.5027586981347856, 1727899967574859254, 
0.3004879355430603, -0.4141266942024231, -0.4968889247681172, 1727899967604987731, 
0.5407938957214355, 0.2975590229034424, -0.49213107698402303, 1727899967635266704, 
0.41999995708465576, -0.4527292251586914, -0.47714480783495794, 1727899967665442645, 
0.1616024374961853, -0.09784877300262451, -0.4559870292994639, 1727899967697440674, 
-0.1905299425125122, 0.11230665445327759, -0.5538433617334926, 1727899967725155809, 
-0.3458259701728821, -0.4823545217514038, -0.5080675955910398, 1727899967755199781, 
0.07932126522064209, 0.09247761964797974, -0.4773080360185174, 1727899967785202257, 
0.3756364583969116, -0.028042733669281006, -0.4755708078023914, 1727899967815257143, 
0.19065237045288086, -0.4601832628250122, -0.4884713624164313, 1727899967845301445, 
-0.11757802963256836, 0.15599346160888672, -0.5149376661354367, 1727899967874369000, 
-0.2681272625923157, -0.09234631061553955, -0.4785115664246625, 1727899967905918552, 
-0.04510468244552612, -0.2402040958404541, -0.47522819604721567, 1727899967937666519, 
0.15561074018478394, 0.00856083631515503, -0.5065432648882434, 1727899967967481091, 
-0.06156778335571289, -0.25030195713043213, -0.5201615302248133, 1727899967995497627, 
0.47266989946365356, 0.007436394691467285, -0.5023736286505042, 1727899968025556499, 
-0.22669261693954468, -0.26754480600357056, -0.5283854628635779, 1727899968055603914, 
0.5869454145431519, -0.1985657811164856, -0.5186962910355055, 1727899968084679009, 
-0.14367616176605225, 0.016671359539031982, -0.49173260662081053, 1727899968115731919, 
-0.09812325239181519, -0.39042943716049194, -0.49843710483044623, 1727899968145804065, 
-0.06687486171722412, 0.19177544116973877, -0.4660799172734846, 1727899968177430281, 
-0.13831943273544312, -0.07363593578338623, -0.495685555915776, 1727899968208508241, 
0.46780943870544434, -0.6865310072898865, -0.5537850303240341, 1727899968236017889, 
0.17106682062149048, 0.2805477976799011, -0.5228079319240366, 1727899968265985706, 
