odom_x, odom_y, odom_th, timestamp, 
-1.0652998753357679e-05, 1.2115395293221809e-05, -0.00012063967486715334, 1732748618802319075, 
-1.0000386282627005e-05, 1.1373110282875132e-05, -0.00011324874096724155, 1732748618842860351, 
-1.0000386282627005e-05, 1.1373110282875132e-05, -0.00011324879917514916, 1732748618912196843, 
-1.0000386282627005e-05, 1.1373110282875132e-05, -0.00011324884283107987, 1732748618962169356, 
-1.0000386282627005e-05, 1.1373110282875132e-05, -0.00011324888648701059, 1732748619002146231, 
-1.0000386282627005e-05, 1.1373110282875132e-05, -0.00011324893014294129, 1732748619053317211, 
-1.0000386282627005e-05, 1.1373110282875132e-05, -0.000113248973798872, 1732748619102177669, 
-1.0000386282627005e-05, 1.1373110282875132e-05, -0.0001132490174548027, 1732748619152158921, 
-1.0000386282627005e-05, 1.1373110282875132e-05, -0.0001132490611107334, 1732748619202168671, 
-1.0000386282627005e-05, 1.1373110282875132e-05, -0.00011324910476666412, 1732748619242903365, 
-1.0000386282627005e-05, 1.1373110282875132e-05, -0.00011324920663050243, 1732748619362190564, 
-1.0000386282627005e-05, 1.1373110282875132e-05, -0.00011324929394236384, 1732748619453201838, 
-1.8231319700134918e-05, 2.0735828002216294e-05, -0.00020647085600697965, 1732748619552431571, 
-1.8231319700134918e-05, 2.0735828002216294e-05, -0.00020647085600697965, 1732748619642897406, 
-1.8231319700134918e-05, 2.0735828002216294e-05, -0.00020647085600697965, 1732748619762347146, 
-1.8210270354757085e-05, 2.0711881006718613e-05, -0.00020623249816352802, 1732748619852452390, 
-1.8210270354757085e-05, 2.0711881006718613e-05, -0.00020623258547538845, 1732748619951944602, 
-1.8210270354757085e-05, 2.0711881006718613e-05, -0.00020623268733922564, 1732748620062109539, 
-1.8210270354757085e-05, 2.0711881006718613e-05, -0.00020623277465108608, 1732748620162252068, 
-1.8210270354757085e-05, 2.0711881006718613e-05, -0.0002062328183070163, 1732748620202322981, 
-1.8210270354757085e-05, 2.0711881006718613e-05, -0.00020623294927480694, 1732748620352414673, 
-1.8210270354757085e-05, 2.0711881006718613e-05, -0.00020623303658666737, 1732748620443819895, 
-1.8210270354757085e-05, 2.0711881006718613e-05, -0.00020623313845050454, 1732748620562733966, 
-1.8210270354757085e-05, 2.0711881006718613e-05, -0.00020623322576236497, 1732748620652741787, 
-1.8210270354757085e-05, 2.0711881006718613e-05, -0.0002062333130742254, 1732748620751969953, 
-1.8210270354757085e-05, 2.0711881006718613e-05, -0.00020623340038608583, 1732748620843986395, 
-1.8210270354757085e-05, 2.0711881006718613e-05, -0.00020623344404201605, 1732748620892472388, 
-1.8210270354757085e-05, 2.0711881006718613e-05, -0.00020623358956178343, 1732748621052139825, 
-1.8210270354757085e-05, 2.0711881006718613e-05, -0.00020623367687364386, 1732748621152192998, 
-1.8210270354757085e-05, 2.0711881006718613e-05, -0.0002062337641855043, 1732748621244875845, 
-1.8210270354757085e-05, 2.0711881006718613e-05, -0.00020623386604934146, 1732748621362218628, 
-1.8147120499634184e-05, 2.0640041839214973e-05, -0.0002055187087218482, 1732748621455215843, 
-1.8147120499634184e-05, 2.0640041839214973e-05, -0.0002055187577314893, 1732748621547188216, 
-1.8147120499634184e-05, 2.0640041839214973e-05, -0.00020551878132614698, 1732748621646331564, 
-1.8147120499634184e-05, 2.0640041839214973e-05, -0.00020551881634848997, 1732748621759209397, 
-1.8147120499634184e-05, 2.0640041839214973e-05, -0.00020551876205512925, 1732748621856163996, 
-1.8147120499634184e-05, 2.0640041839214973e-05, -0.00020551868275152125, 1732748621948194672, 
-1.8147120499634184e-05, 2.0640041839214973e-05, -0.0002055186189466659, 1732748622046983518, 
-1.8147120499634184e-05, 2.0640041839214973e-05, -0.0002055187715492967, 1732748622157308371, 
-1.8147120499634184e-05, 2.0640041839214973e-05, -0.00020551880718025058, 1732748622252217162, 
-1.8147120499634184e-05, 2.0640041839214973e-05, -0.00020551880718025058, 1732748622302156591, 
-1.8147120499634184e-05, 2.0640041839214973e-05, -0.00020551880718025058, 1732748622442796772, 
-1.8147120499634184e-05, 2.0640041839214973e-05, -0.00020551880718025058, 1732748622563222663, 
-1.8147120499634184e-05, 2.0640041839214973e-05, -0.00020551880718025058, 1732748622652183514, 
-1.8147120499634184e-05, 2.0640041839214973e-05, -0.00020551880718025058, 1732748622752198209, 
-1.8147120499634184e-05, 2.0640041839214973e-05, -0.00020551880718025058, 1732748622843361295, 
-1.8147120499634184e-05, 2.0640041839214973e-05, -0.00020551880718025058, 1732748622964424402, 
-1.8147120499634184e-05, 2.0640041839214973e-05, -0.00020551880718025058, 1732748623052228451, 
-1.8147120499634184e-05, 2.0640041839214973e-05, -0.00020551880718025058, 1732748623152208681, 
-1.812607115425635e-05, 2.0616094843717292e-05, -0.00020528036648745203, 1732748623242835901, 
-1.812607115425635e-05, 2.0616094843717292e-05, -0.00020528036936095785, 1732748623357231519, 
-1.812607115425635e-05, 2.0616094843717292e-05, -0.00020528033379237003, 1732748623452217788, 
-1.812607115425635e-05, 2.0616094843717292e-05, -0.00020528025138144814, 1732748623552231922, 
-1.812607115425635e-05, 2.0616094843717292e-05, -0.00020528029645470588, 1732748623663012240, 
-1.812607115425635e-05, 2.0616094843717292e-05, -0.00020528025227969498, 1732748623758232818, 
-1.812607115425635e-05, 2.0616094843717292e-05, -0.0002052801974223754, 1732748623852244652, 
-1.812607115425635e-05, 2.0616094843717292e-05, -0.0002052802981418308, 1732748623953355090, 
-1.812607115425635e-05, 2.0616094843717292e-05, -0.00020528028357538907, 1732748624062486834, 
-1.812607115425635e-05, 2.0616094843717292e-05, -0.00020528024456281687, 1732748624159239069, 
-1.812607115425635e-05, 2.0616094843717292e-05, -0.0002052802315743162, 1732748624252241006, 
-1.812607115425635e-05, 2.0616094843717292e-05, -0.00020528022050672636, 1732748624353213809, 
-1.812607115425635e-05, 2.0616094843717292e-05, -0.0002052801862269814, 1732748624442287813, 
-1.812607115425635e-05, 2.0616094843717292e-05, -0.0002052801037178869, 1732748624559339928, 
-1.812607115425635e-05, 2.0616094843717292e-05, -0.00020528010964433852, 1732748624652248873, 
-1.812607115425635e-05, 2.0616094843717292e-05, -0.0002052800891322328, 1732748624754222072, 
-1.812607115425635e-05, 2.0616094843717292e-05, -0.0002052800413038516, 1732748624842170581, 
-1.812607115425635e-05, 2.0616094843717292e-05, -0.00020528006129500064, 1732748624960250263, 
-1.812607115425635e-05, 2.0616094843717292e-05, -0.00020527998557244424, 1732748625052202436, 
-1.812607115425635e-05, 2.0616094843717292e-05, -0.000205279836810474, 1732748625150257628, 
-1.812607115425635e-05, 2.0616094843717292e-05, -0.00020527974603474589, 1732748625262632044, 
-1.812607115425635e-05, 2.0616094843717292e-05, -0.00020527977796912111, 1732748625360356969, 
-1.812607115425635e-05, 2.0616094843717292e-05, -0.0002052798145350925, 1732748625402198357, 
-1.812607115425635e-05, 2.0616094843717292e-05, -0.00020527983013731742, 1732748625663535127, 
-1.812607115425635e-05, 2.0616094843717292e-05, -0.00020527980678610496, 1732748625692291400, 
-1.812607115425635e-05, 2.0616094843717292e-05, -0.00020527969684280178, 1732748625852283835, 
-1.812607115425635e-05, 2.0616094843717292e-05, -0.0002052797938574004, 1732748625951247141, 
-1.812607115425635e-05, 2.0616094843717292e-05, -0.00020527978995711683, 1732748626042043758, 
-1.812607115425635e-05, 2.0616094843717292e-05, -0.0002052796741203892, 1732748626161388515, 
-1.8883862139773555e-05, 2.1478172129718587e-05, -0.00021386265518519182, 1732748626253323704, 
0.002268626354634762, 6.457202835008502e-05, 0.015565649135941136, 1732748626351290921, 
0.010618200525641441, 0.0004394060524646193, 0.058438035565335056, 1732748626444384654, 
0.022430408746004105, 0.00154079997446388, 0.11699271813208303, 1732748626562269203, 
0.030697312206029892, 0.0027560507878661156, 0.16741647542284552, 1732748626653381953, 
0.04008529335260391, 0.004480960313230753, 0.21532135470191158, 1732748626752416423, 
0.04826277866959572, 0.006441488862037659, 0.2594204786350837, 1732748626843301742, 
0.059078823775053024, 0.009689833968877792, 0.3214374453065255, 1732748626962668479, 
0.0672176405787468, 0.012449451722204685, 0.3649820383536367, 1732748627053397283, 
0.07613807916641235, 0.01583591289818287, 0.4167538829996637, 1732748627152261262, 
0.084263876080513, 0.019357580691576004, 0.4598297346688483, 1732748627243850450, 
0.09471816569566727, 0.02507767640054226, 0.5194763643501964, 1732748627362305897, 
0.1019461378455162, 0.02921220473945141, 0.5649289482937501, 1732748627453292250, 
0.10966353863477707, 0.03439195454120636, 0.6141608808250487, 1732748627552265195, 
0.11676813662052155, 0.03944854810833931, 0.6599776154991979, 1732748627643530863, 
0.12049318850040436, 0.04238741472363472, 0.6854343282393023, 1732748627692409864, 
0.13205738365650177, 0.05243989825248718, 0.7645225527639933, 1732748627853272690, 
0.13868266344070435, 0.058835841715335846, 0.8155786603063189, 1732748627952391963, 
0.14432157576084137, 0.06504875421524048, 0.8585263495746005, 1732748628043898526, 
0.15173597633838654, 0.07374825328588486, 0.9136135577601268, 1732748628163311468, 
0.15704011917114258, 0.08065611869096756, 0.960705439099976, 1732748628254453133, 
0.162571519613266, 0.08869995176792145, 1.009708924841869, 1732748628352558756, 
0.16521942615509033, 0.09281044453382492, 1.034635105892367, 1732748628403524372, 
0.17259716987609863, 0.1059170663356781, 1.1079274196307694, 1732748628563662432, 
0.17639170587062836, 0.11368311196565628, 1.1469381875403073, 1732748628652858898, 
0.18024806678295135, 0.12235955893993378, 1.1984393561070021, 1732748628752305608, 
0.1834660768508911, 0.1305437535047531, 1.2419793342487875, 1732748628843158766, 
0.18711064755916595, 0.14170236885547638, 1.2953991878475128, 1732748628963506298, 
0.18949978053569794, 0.14999428391456604, 1.3353025515921801, 1732748629052555788, 
0.1906462162733078, 0.15466336905956268, 1.3563330951760688, 1732748629102596494, 
0.19322435557842255, 0.16758553683757782, 1.4052176907432274, 1732748629243589460, 
0.1955721527338028, 0.1798325926065445, 1.4048737570805234, 1732748629363311543, 
0.19740933179855347, 0.1873209923505783, 1.389364472796092, 1732748629452420897, 
0.19897322356700897, 0.19616027176380157, 1.3855447571084225, 1732748629552458813, 
0.20071402192115784, 0.204159215092659, 1.3758302553551194, 1732748629644365532, 
0.20337359607219696, 0.21477258205413818, 1.3607636685849778, 1732748629763327972, 
0.2057836949825287, 0.222535640001297, 1.3468269499858647, 1732748629853380254, 
0.208259716629982, 0.23138870298862457, 1.3255231103528775, 1732748629952292617, 
0.2105175256729126, 0.23917099833488464, 1.3098261252380947, 1732748630043394224, 
0.21307110786437988, 0.24999739229679108, 1.313513530622644, 1732748630163332100, 
0.21526269614696503, 0.2578718364238739, 1.318428355245694, 1732748630252333250, 
0.2176855057477951, 0.2665172219276428, 1.3189011856071118, 1732748630347312371, 
0.22007828950881958, 0.27563148736953735, 1.3218014819697363, 1732748630448551591, 
0.22261476516723633, 0.2866518497467041, 1.3289905973471632, 1732748630563304140, 
0.22437968850135803, 0.29481184482574463, 1.3392610301952252, 1732748630652266451, 
0.2259480506181717, 0.3035425841808319, 1.3546990682492948, 1732748630752300477, 
0.2274692952632904, 0.31182581186294556, 1.363309798890568, 1732748630846477911, 
0.22949691116809845, 0.32228806614875793, 1.3751999629591338, 1732748630959319802, 
0.23104040324687958, 0.33172255754470825, 1.3921135543470957, 1732748631057332012, 
0.23235073685646057, 0.3399772047996521, 1.407748703356367, 1732748631147327880, 
0.23371224105358124, 0.3492426872253418, 1.4194838950213857, 1732748631247533474, 
0.23532480001449585, 0.35979872941970825, 1.4293141106138727, 1732748631358794272, 
0.23673003911972046, 0.3691401183605194, 1.4354313458752603, 1732748631457290655, 
0.23778675496578217, 0.3776942491531372, 1.442654466854098, 1732748631547339007, 
0.23865368962287903, 0.3865126669406891, 1.4484529942742446, 1732748631643391091, 
0.24031654000282288, 0.39772316813468933, 1.4520495111306007, 1732748631764331428, 
0.24140244722366333, 0.4060610234737396, 1.4546590489001467, 1732748631853345477, 
0.2425372451543808, 0.4154719412326813, 1.4634486912871756, 1732748631952309383, 
0.24347712099552155, 0.4259384274482727, 1.4703191028055664, 1732748632061982889, 
0.24448443949222565, 0.4347060024738312, 1.4750864864334248, 1732748632158530369, 
0.24526308476924896, 0.443947970867157, 1.4777836008756517, 1732748632253295283, 
0.24595223367214203, 0.4531497657299042, 1.4822270515037979, 1732748632352339842, 
0.2466762363910675, 0.46159040927886963, 1.488110429191702, 1732748632443151397, 
0.24738547205924988, 0.46845653653144836, 1.4953632749914654, 1732748632513361155, 
0.24791057407855988, 0.48176637291908264, 1.5046142379026666, 1732748632653517833, 
0.2484201192855835, 0.4910661578178406, 1.5122198451231834, 1732748632753521790, 
0.2489958107471466, 0.5014714002609253, 1.5211601919644868, 1732748632863830224, 
0.24919727444648743, 0.5104866027832031, 1.528883618142679, 1732748632959445018, 
0.2493516206741333, 0.5195963978767395, 1.5348330506899912, 1732748633053351767, 
0.24958659708499908, 0.5290055274963379, 1.544028729838564, 1732748633153487533, 
0.24974089860916138, 0.5374597907066345, 1.5497271018586107, 1732748633243198368, 
0.24983377754688263, 0.5465882420539856, 1.5553120740767816, 1732748633343405011, 
0.24991361796855927, 0.5569402575492859, 1.5599305117670006, 1732748633453363666, 
0.25025612115859985, 0.5663264393806458, 1.562865168577122, 1732748633554369329, 
0.25060325860977173, 0.5747777223587036, 1.5667567897752372, 1732748633643379015, 
0.2510049045085907, 0.5854137539863586, 1.5685277154504387, 1732748633760352461, 
0.2510678470134735, 0.5939883589744568, 1.5683913545444064, 1732748633853361220, 
0.25082001090049744, 0.5985259413719177, 1.568681401642186, 1732748633903327366, 
0.2511892020702362, 0.6118909120559692, 1.5692624660027685, 1732748634043542758, 
0.25141915678977966, 0.6225863099098206, 1.5694570488117936, 1732748634160382728, 
0.25142398476600647, 0.6309078931808472, 1.5693787880873404, 1732748634253376379, 
0.2515530288219452, 0.6398573517799377, 1.570927847303328, 1732748634350345818, 
0.25187262892723083, 0.6484875082969666, 1.571495310422133, 1732748634443712387, 
0.2520976960659027, 0.6592842936515808, 1.571935550514646, 1732748634561368725, 
0.25238093733787537, 0.6676579713821411, 1.5713769765091339, 1732748634653352533, 
0.25238484144210815, 0.676771342754364, 1.572316634796627, 1732748634751380801, 
0.2523026466369629, 0.6875578761100769, 1.5731527413348758, 1732748634864058979, 
0.2523813247680664, 0.6963684558868408, 1.5734385156127486, 1732748634961397951, 
0.25221455097198486, 0.704986572265625, 1.575321776517646, 1732748635054379363, 
0.2522139251232147, 0.7139913439750671, 1.5776282431753959, 1732748635151361684, 
0.25213223695755005, 0.7228484749794006, 1.5784803965415648, 1732748635244219971, 
0.2522396445274353, 0.7338736653327942, 1.5799525731289725, 1732748635362371545, 
0.25232744216918945, 0.7425681352615356, 1.5807029485335016, 1732748635455388187, 
0.25242507457733154, 0.7516878247261047, 1.5813266819536496, 1732748635553365385, 
0.252475380897522, 0.7601525783538818, 1.5820603090142293, 1732748635643453542, 
0.25254547595977783, 0.7712815999984741, 1.5817568960928798, 1732748635763070948, 
0.25247645378112793, 0.7797666192054749, 1.5823024976908635, 1732748635853394197, 
0.2525508403778076, 0.7891830801963806, 1.5829204602369364, 1732748635953371332, 
0.2524808347225189, 0.7996686100959778, 1.5823206149879312, 1732748636063483313, 
0.2523824870586395, 0.809313178062439, 1.5825395066453642, 1732748636163372249, 
0.2525179088115692, 0.8179239630699158, 1.5829850694522207, 1732748636254376347, 
0.25249969959259033, 0.8274197578430176, 1.5829462186505412, 1732748636353377867, 
0.25253286957740784, 0.8361725807189941, 1.5831196036524453, 1732748636443597167, 
0.25241777300834656, 0.8475757837295532, 1.5834049473232155, 1732748636563598562, 
0.2525087594985962, 0.8561375737190247, 1.5846625219344987, 1732748636654380772, 
0.25248658657073975, 0.8655019998550415, 1.5847040110045694, 1732748636753669747, 
0.2525094151496887, 0.8739959001541138, 1.5845186777807094, 1732748636843070291, 
0.2523423731327057, 0.885616660118103, 1.5839009443676073, 1732748636963564963, 
0.25220590829849243, 0.894260585308075, 1.5839009443676073, 1732748637054514222, 
0.252209335565567, 0.9039090275764465, 1.5839009443676073, 1732748637153630953, 
0.2521972358226776, 0.9127770066261292, 1.5850695778641692, 1732748637243685433, 
0.2520933747291565, 0.923997700214386, 1.5850695778641692, 1732748637363772143, 
0.2521640956401825, 0.932499885559082, 1.5857575865629565, 1732748637453408958, 
0.2521388530731201, 0.94215327501297, 1.5862739885436024, 1732748637553501330, 
0.2522605061531067, 0.950834333896637, 1.5872895750984706, 1732748637643721774, 
0.25223225355148315, 0.962077260017395, 1.5876251902557186, 1732748637763674273, 
0.25238192081451416, 0.9713517427444458, 1.5828029238856782, 1732748637853584464, 
0.25316259264945984, 0.9828274250030518, 1.5245591581237152, 1732748637953847129, 
0.25389134883880615, 0.9902135133743286, 1.4493682143176676, 1732748638043680841, 
0.25552302598953247, 0.9999434947967529, 1.3736935259155287, 1732748638163153151, 
0.2570432126522064, 1.0076122283935547, 1.3348584526724416, 1732748638253576394, 
0.25976601243019104, 1.0171626806259155, 1.2784295366248046, 1732748638353418073, 
0.26260673999786377, 1.0249582529067993, 1.19356974510705, 1732748638443705559, 
0.2670060098171234, 1.0354158878326416, 1.0848508854311725, 1732748638563401136, 
0.2714821398258209, 1.0435140132904053, 1.0099310161998685, 1732748638653522676, 
0.2757229506969452, 1.0499653816223145, 0.9649086320876337, 1732748638753413542, 
0.2802916467189789, 1.0559200048446655, 0.9247508861148728, 1732748638844758170, 
0.28696081042289734, 1.0638442039489746, 0.8597248460031797, 1732748638963433858, 
0.2923406660556793, 1.0699305534362793, 0.8204119799330287, 1732748639053369393, 
0.2987249195575714, 1.0760537385940552, 0.7946247443330547, 1732748639153411337, 
0.3044528067111969, 1.0816231966018677, 0.786338638600157, 1732748639244886827, 
0.3123767375946045, 1.0894702672958374, 0.7773167159869898, 1732748639364645372, 
0.31822389364242554, 1.0950690507888794, 0.7744809483300751, 1732748639453406377, 
0.3251489996910095, 1.1013470888137817, 0.7713750093545979, 1732748639553413084, 
0.33141013979911804, 1.107498288154602, 0.7731294797186715, 1732748639647145367, 
0.3385921120643616, 1.1149647235870361, 0.7856856156611357, 1732748639759663758, 
0.34464436769485474, 1.121529221534729, 0.7954188476837145, 1732748639857442934, 
0.3502195477485657, 1.1278265714645386, 0.7998526087669727, 1732748639949444437, 
0.35668566823005676, 1.1346826553344727, 0.8039344207472845, 1732748640048830599, 
0.36376455426216125, 1.1421750783920288, 0.8103185161988172, 1732748640158443041, 
0.37016478180885315, 1.1487984657287598, 0.8122438005731464, 1732748640258401513, 
0.3758367598056793, 1.1548353433609009, 0.8129857203424233, 1732748640348441272, 
0.38218918442726135, 1.161497950553894, 0.8114461313447842, 1732748640443832893, 
0.38993752002716064, 1.1693798303604126, 0.8084394491014713, 1732748640563443207, 
0.39591845870018005, 1.1753743886947632, 0.8061119890658489, 1732748640653448886, 
0.4026440680027008, 1.1817500591278076, 0.8041901644037452, 1732748640753441827, 
0.4096740186214447, 1.1888604164123535, 0.7987734740484563, 1732748640862989571, 
0.41643399000167847, 1.1952601671218872, 0.7953158602303598, 1732748640965735734, 
0.4222447872161865, 1.2011239528656006, 0.7930974434101068, 1732748641053407298, 
0.42892220616340637, 1.207539439201355, 0.7905110899176058, 1732748641153429724, 
0.43489131331443787, 1.2131437063217163, 0.7876358497872445, 1732748641244035212, 
0.44282373785972595, 1.2205127477645874, 0.7853392691486966, 1732748641359445632, 
0.44935476779937744, 1.226465106010437, 0.7837121075068684, 1732748641453463786, 
0.456438809633255, 1.233120322227478, 0.7830999459018922, 1732748641553455735, 
0.4624596834182739, 1.2389307022094727, 0.7824878714739671, 1732748641643165531, 
0.47046002745628357, 1.2465217113494873, 0.7827080379045819, 1732748641759456628, 
0.4765007793903351, 1.2528997659683228, 0.7827161788488765, 1732748641853463498, 
0.48314088582992554, 1.2597094774246216, 0.7841498704153663, 1732748641954428125, 
0.48918047547340393, 1.265611171722412, 0.7855797854016573, 1732748642043884529, 
0.49686262011528015, 1.2727099657058716, 0.7886317018038511, 1732748642160506312, 
0.502990186214447, 1.2788283824920654, 0.7908418874401308, 1732748642253478301, 
0.5096005797386169, 1.2852896451950073, 0.7935837421619049, 1732748642354465928, 
0.5156069397926331, 1.2910765409469604, 0.7956944640502258, 1732748642443941600, 
0.5235648155212402, 1.2987436056137085, 0.7982958568828509, 1732748642560464352, 
0.5297051072120667, 1.3050216436386108, 0.7986082096963381, 1732748642653430254, 
0.5362859964370728, 1.31161367893219, 0.7983054198504091, 1732748642754442762, 
0.5422566533088684, 1.317505121231079, 0.7990573433314289, 1732748642843935641, 
0.5501505732536316, 1.325303077697754, 0.8001868200054347, 1732748642960477635, 
0.556066632270813, 1.3314324617385864, 0.7989603859141177, 1732748643053480397, 
0.5624062418937683, 1.337841272354126, 0.8002318538732832, 1732748643150454132, 
0.5684193968772888, 1.3439725637435913, 0.8008165071592838, 1732748643243141366, 
0.5760564208030701, 1.351799488067627, 0.8011819245081736, 1732748643361902440, 
0.5825346112251282, 1.3584506511688232, 0.8023806486394347, 1732748643453492803, 
0.5892266035079956, 1.3653005361557007, 0.8032818324170368, 1732748643551460206, 
0.5969415903091431, 1.3732064962387085, 0.8032088778120077, 1732748643664146915, 
0.6036997437477112, 1.3801851272583008, 0.8026342367752752, 1732748643761584536, 
0.6100225448608398, 1.3867974281311035, 0.8020535377896781, 1732748643853499657, 
0.6168767809867859, 1.393703579902649, 0.8018540980336225, 1732748643952491422, 
0.6232724189758301, 1.4003018140792847, 0.8010443227832703, 1732748644043675360, 
0.6315563917160034, 1.4087698459625244, 0.7984377069338323, 1732748644162481610, 
0.6380115151405334, 1.4151753187179565, 0.7980863037175217, 1732748644255474996, 
0.6447232961654663, 1.4219563007354736, 0.7968664823346516, 1732748644352492750, 
0.6511772274971008, 1.4283088445663452, 0.7965267055058777, 1732748644444658833, 
0.6596075296401978, 1.4368805885314941, 0.796181602272675, 1732748644563511615, 
0.6658095121383667, 1.4432580471038818, 0.7965622160979837, 1732748644653598521, 
0.6726537942886353, 1.4502924680709839, 0.7961175737033456, 1732748644753650182, 
0.6789566278457642, 1.4565681219100952, 0.7956495201880771, 1732748644843307727, 
0.6860302090644836, 1.463771104812622, 0.7952416594482661, 1732748644943813995, 
0.6937922239303589, 1.4716073274612427, 0.7946328119855273, 1732748645054599051, 
0.7008309364318848, 1.4786685705184937, 0.793675332417051, 1732748645153478754, 
0.7072401642799377, 1.4849061965942383, 0.7945392180241989, 1732748645243644327, 
0.7155671715736389, 1.4933886528015137, 0.7938900362270719, 1732748645363491773, 
0.72188800573349, 1.4996315240859985, 0.7939813161142713, 1732748645454503529, 
0.728668749332428, 1.5064260959625244, 0.7926358786188026, 1732748645553488339, 
0.736442506313324, 1.5142560005187988, 0.7913909176838269, 1732748645663715682, 
0.7433810234069824, 1.5211859941482544, 0.7925468155005995, 1732748645763652818, 
0.7498160004615784, 1.5276384353637695, 0.7919890475523217, 1732748645854734036, 
0.7566124200820923, 1.5345382690429688, 0.7919890475523217, 1732748645953832764, 
0.7630029320716858, 1.5407850742340088, 0.7919890475523217, 1732748646043322404, 
0.7712496519088745, 1.5490599870681763, 0.7919438956597888, 1732748646163586210, 
0.7777634263038635, 1.5554492473602295, 0.7919438956597888, 1732748646255634398, 
0.7845889329910278, 1.5626308917999268, 0.791667607649005, 1732748646353831359, 
0.7908137440681458, 1.5690256357192993, 0.7916950301506063, 1732748646444260159, 
0.7992994785308838, 1.5774163007736206, 0.7918932456449098, 1732748646563940815, 
0.8056113123893738, 1.5837671756744385, 0.7909915354352189, 1732748646653500276, 
0.8126389384269714, 1.5907883644104004, 0.7913363107513924, 1732748646753566025, 
0.818932831287384, 1.5971547365188599, 0.7913363107513924, 1732748646844258479, 
0.8274602890014648, 1.605553150177002, 0.7924980433356309, 1732748646964685722, 
0.8338364362716675, 1.6116769313812256, 0.7924980433356309, 1732748647053527462, 
0.8408836126327515, 1.6188795566558838, 0.7925653690919385, 1732748647153521049, 
0.8471623659133911, 1.6251089572906494, 0.7931263256035727, 1732748647244138452, 
0.8556079268455505, 1.6336654424667358, 0.7931263256035727, 1732748647364520808, 
0.8618879318237305, 1.6401551961898804, 0.7931263256035727, 1732748647453476269, 
0.8687716722488403, 1.6471794843673706, 0.7932580142752061, 1732748647553510365, 
0.8766205310821533, 1.6548410654067993, 0.7932580142752061, 1732748647663009435, 
0.8837001919746399, 1.661840558052063, 0.7932580142752061, 1732748647764102899, 
0.8900015354156494, 1.668239712715149, 0.7926719425636765, 1732748647853714263, 
0.8969601988792419, 1.6751900911331177, 0.7926715466402549, 1732748647953541980, 
0.9031949043273926, 1.6813256740570068, 0.7926715466402549, 1732748648044650405, 
0.9116191267967224, 1.6897517442703247, 0.7926715466402549, 1732748648164421036, 
0.9179303646087646, 1.6962255239486694, 0.7926715466402549, 1732748648253601273, 
0.9245496392250061, 1.7029229402542114, 0.7934524800455772, 1732748648348537596, 
0.9311087727546692, 1.7095263004302979, 0.7942237149085086, 1732748648444909191, 
0.9397698044776917, 1.718044400215149, 0.7937888727526473, 1732748648564605197, 
0.9460328817367554, 1.7245256900787354, 0.7934707707467986, 1732748648654711702, 
0.9529845118522644, 1.7315517663955688, 0.7934704784051247, 1732748648753553335, 
0.9592690467834473, 1.737749695777893, 0.7934704784051247, 1732748648844723195, 
0.9659479856491089, 1.7444339990615845, 0.7933606873572773, 1732748648940736753, 
0.974351167678833, 1.7528448104858398, 0.7922651878482598, 1732748649058576081, 
0.9809978604316711, 1.7595196962356567, 0.7921647766941117, 1732748649155617468, 
0.987332820892334, 1.765696406364441, 0.7921645949133574, 1732748649244739773, 
0.9942083358764648, 1.7727675437927246, 0.7921645949133574, 1732748649343658520, 
1.001962661743164, 1.7806018590927124, 0.7919427297582947, 1732748649454549649, 
1.0090086460113525, 1.7876331806182861, 0.7919427297582947, 1732748649553627607, 
1.0156352519989014, 1.7940586805343628, 0.793710274487375, 1732748649645460332, 
1.0240602493286133, 1.8025872707366943, 0.7944522697092485, 1732748649764705745, 
1.0303629636764526, 1.8089460134506226, 0.7944522697092485, 1732748649854920112, 
1.0373378992080688, 1.8158814907073975, 0.7944522697092485, 1732748649953740595, 
1.0435724258422852, 1.8221685886383057, 0.7944522697092485, 1732748650044661946, 
1.0504001379013062, 1.8291884660720825, 0.7935303353021503, 1732748650144620038, 
1.058018445968628, 1.8368899822235107, 0.7933986144942198, 1732748650254552950, 
1.0650146007537842, 1.843934416770935, 0.7928819186906844, 1732748650354625120, 
1.0712414979934692, 1.8501828908920288, 0.7929587421476525, 1732748650444249096, 
1.079411506652832, 1.8583471775054932, 0.7921753470516372, 1732748650558989840, 
1.0860015153884888, 1.8648658990859985, 0.7921480160720259, 1732748650654654272, 
1.0931118726730347, 1.871901035308838, 0.7920084846272051, 1732748650754842578, 
1.0992358922958374, 1.8781466484069824, 0.791358274681597, 1732748650844321095, 
1.1073929071426392, 1.8863251209259033, 0.7920775415763434, 1732748650960901488, 
1.1141109466552734, 1.8931165933609009, 0.7915758710781213, 1732748651053575930, 
1.1211806535720825, 1.9000883102416992, 0.7917275826482593, 1732748651154549471, 
1.128899097442627, 1.907778024673462, 0.7914998680647798, 1732748651264026574, 
1.135503888130188, 1.914492130279541, 0.7909367515213042, 1732748651360790240, 
1.1420469284057617, 1.9211057424545288, 0.7901852589700185, 1732748651453556436, 
1.1491912603378296, 1.92808198928833, 0.7905174941912336, 1732748651555552060, 
1.1556079387664795, 1.934460163116455, 0.7904548295687038, 1732748651644390517, 
1.163834810256958, 1.942760705947876, 0.7908089754610185, 1732748651761584270, 
1.1703808307647705, 1.949251413345337, 0.7912278125878787, 1732748651854594532, 
1.1771252155303955, 1.956176996231079, 0.7921675618597898, 1732748651951588059, 
1.1835124492645264, 1.962762713432312, 0.7918808703744988, 1732748652044295958, 
1.1917046308517456, 1.9709482192993164, 0.7927055689364946, 1732748652160797909, 
1.198062539100647, 1.9775875806808472, 0.7913769253971579, 1732748652254585471, 
1.2051193714141846, 1.9844539165496826, 0.7907772270075404, 1732748652352563567, 
1.211713194847107, 1.9909873008728027, 0.7913626924484851, 1732748652444735403, 
1.2198947668075562, 1.9991798400878906, 0.7909096803935658, 1732748652562598248, 
1.2263494729995728, 2.005483865737915, 0.7900770025564119, 1732748652654598349, 
1.2331507205963135, 2.012389659881592, 0.7891417890701566, 1732748652752568720, 
1.2396364212036133, 2.018903970718384, 0.7884851601574226, 1732748652844711120, 
1.2478160858154297, 2.026970863342285, 0.7882409262440977, 1732748652962769079, 
1.2543511390686035, 2.0334625244140625, 0.7882438378325273, 1732748653055567487, 
1.2612768411636353, 2.0403738021850586, 0.7890335042118912, 1732748653152597323, 
1.2679029703140259, 2.0469188690185547, 0.7902058184216179, 1732748653245578872, 
1.2762058973312378, 2.0550479888916016, 0.7894012390556416, 1732748653363595907, 
1.2827142477035522, 2.061506748199463, 0.7891423481915951, 1732748653455609360, 
1.2897180318832397, 2.068603038787842, 0.7887797898781852, 1732748653554623310, 
1.2960474491119385, 2.0748491287231445, 0.7895501257248414, 1732748653644117096, 
1.3029557466506958, 2.081852912902832, 0.7884583265245253, 1732748653744758978, 
1.3105971813201904, 2.089600086212158, 0.7881021960460073, 1732748653854691800, 
1.3177964687347412, 2.096740245819092, 0.7886454413328634, 1732748653954686372, 
1.3241887092590332, 2.103050470352173, 0.7885145936860135, 1732748654044699318, 
1.3325934410095215, 2.1114816665649414, 0.7888687264384662, 1732748654164709158, 
1.3389724493026733, 2.117835521697998, 0.7889917993682457, 1732748654254751250, 
1.3459686040878296, 2.124938488006592, 0.7893104118373884, 1732748654354771296, 
1.3523064851760864, 2.1313021183013916, 0.7898720983242731, 1732748654444537758, 
1.36069917678833, 2.139690399169922, 0.7895433825357039, 1732748654564023590, 
1.3669630289077759, 2.1460673809051514, 0.7900782140737844, 1732748654654940992, 
1.3739588260650635, 2.153172731399536, 0.7907577245641401, 1732748654754605312, 
1.380162239074707, 2.1594276428222656, 0.7899082854773587, 1732748654844582799, 
1.388546347618103, 2.1677894592285156, 0.789520000701717, 1732748654964789128, 
1.394895076751709, 2.1742613315582275, 0.7890103832906513, 1732748655054999633, 
1.401922583580017, 2.181102752685547, 0.7890103832906513, 1732748655154063446, 
1.4082622528076172, 2.187556028366089, 0.7886171009430893, 1732748655244694897, 
1.416705846786499, 2.1959760189056396, 0.7886171009430893, 1732748655364602435, 
1.4229581356048584, 2.2024781703948975, 0.7886171009430893, 1732748655454673709, 
1.4301384687423706, 2.2095437049865723, 0.7886171009430893, 1732748655554709661, 
1.4365079402923584, 2.21579647064209, 0.7885134169896819, 1732748655644641563, 
1.4449026584625244, 2.224245071411133, 0.7881344553141295, 1732748655764710499, 
1.4511085748672485, 2.230379104614258, 0.7881345265903769, 1732748655854765348, 
1.4582526683807373, 2.2374866008758545, 0.7878510527769425, 1732748655954680492, 
1.4644428491592407, 2.243814706802368, 0.7878508712988549, 1732748656044606092, 
1.472901701927185, 2.252366304397583, 0.7880453921678194, 1732748656164606918, 
1.479259967803955, 2.2587697505950928, 0.787959775222549, 1732748656254581880, 
1.4863759279251099, 2.265759229660034, 0.7879597752075594, 1732748656354621254, 
1.4926456212997437, 2.2722995281219482, 0.7879597752075594, 1732748656444672886, 
1.5009981393814087, 2.280627489089966, 0.7879597752075594, 1732748656564643023, 
1.5074570178985596, 2.2869837284088135, 0.7891979999869235, 1732748656654635853, 
1.514451265335083, 2.2940359115600586, 0.7891979999869235, 1732748656754627229, 
1.5207719802856445, 2.300417184829712, 0.7891979999869235, 1732748656845921128, 
1.5289839506149292, 2.3089773654937744, 0.7891979999869235, 1732748656964615481, 
1.5353927612304688, 2.3153140544891357, 0.7902157086527517, 1732748657054583230, 
1.5420831441879272, 2.32179594039917, 0.7898963815630412, 1732748657149617451, 
1.549345850944519, 2.328956365585327, 0.789857577725776, 1732748657249144753, 
1.557259202003479, 2.3368325233459473, 0.7890940724467191, 1732748657364700839, 
1.5636659860610962, 2.343144416809082, 0.7890940724467191, 1732748657454647950, 
1.5706944465637207, 2.350095748901367, 0.78784484650167, 1732748657554636911, 
1.5769973993301392, 2.356383800506592, 0.7878445937342743, 1732748657644714257, 
1.5851625204086304, 2.364485263824463, 0.7874343543993394, 1732748657760080050, 
1.591943383216858, 2.3712780475616455, 0.7863174101507515, 1732748657858651911, 
1.5984258651733398, 2.3777663707733154, 0.7866787323580591, 1732748657950619210, 
1.6054469347000122, 2.384890079498291, 0.7878297956934184, 1732748658049736845, 
1.6136406660079956, 2.3928868770599365, 0.7887153108490806, 1732748658164644868, 
1.6201655864715576, 2.399367332458496, 0.7884336249971794, 1732748658259710105, 
1.6265571117401123, 2.4056999683380127, 0.7887130965897087, 1732748658349625548, 
1.6335461139678955, 2.412781000137329, 0.7879987754906677, 1732748658449023562, 
1.6416658163070679, 2.420811414718628, 0.7879987754906677, 1732748658565082685, 
1.6478819847106934, 2.4271116256713867, 0.7862622319116126, 1732748658654627289, 
1.6550564765930176, 2.4340639114379883, 0.7860815202373548, 1732748658754634542, 
1.6626969575881958, 2.4419002532958984, 0.786459329827796, 1732748658864296385, 
1.668359398841858, 2.4474117755889893, 0.7866511259378124, 1732748658944656728, 
1.675978422164917, 2.455075263977051, 0.7863385073508256, 1732748659054660729, 
1.6831179857254028, 2.4621658325195312, 0.7863385073508256, 1732748659154676075, 
1.6907821893692017, 2.469846487045288, 0.7872112994452624, 1732748659264923478, 
1.6976158618927002, 2.476625442504883, 0.7876557053267722, 1732748659360696969, 
1.7042542695999146, 2.4832401275634766, 0.7876845063519794, 1732748659454669622, 
1.711275577545166, 2.490382671356201, 0.7873914503326266, 1732748659554641246, 
1.7178738117218018, 2.4969117641448975, 0.7828505674704553, 1732748659644937511, 
1.7264612913131714, 2.504667043685913, 0.7299119209048421, 1732748659760159792, 
1.7329031229019165, 2.510552406311035, 0.6947081196950203, 1732748659854673281, 
1.7405176162719727, 2.5167901515960693, 0.6693641336056411, 1732748659955670223, 
1.7476917505264282, 2.522216558456421, 0.6463417548184884, 1732748660044892359, 
1.7569442987442017, 2.5290393829345703, 0.6133572254165096, 1732748660161786892, 
1.7644623517990112, 2.53420090675354, 0.5850320932690671, 1732748660254681035, 
1.7729309797286987, 2.5397980213165283, 0.550020921305594, 1732748660355634258, 
1.7808116674423218, 2.5441322326660156, 0.5004854776017525, 1732748660444868681, 
1.790481448173523, 2.549514055252075, 0.4490950015150255, 1732748660561679811, 
1.7988040447235107, 2.553435802459717, 0.4198001625244324, 1732748660654681501, 
1.8079150915145874, 2.557467222213745, 0.3863721558137758, 1732748660756658345, 
1.8163186311721802, 2.560565710067749, 0.36012706500549024, 1732748660844317357, 
1.8271582126617432, 2.5644843578338623, 0.32627463403259577, 1732748660962017849, 
1.8357458114624023, 2.5672876834869385, 0.301293237091236, 1732748661054654328, 
1.845108151435852, 2.570148468017578, 0.28219757736871265, 1732748661151661891, 
1.8542120456695557, 2.5728213787078857, 0.25528238693682603, 1732748661244683100, 
1.8635812997817993, 2.5749778747558594, 0.22304172720322024, 1732748661344011947, 
1.8739429712295532, 2.577298641204834, 0.19628715336340888, 1732748661454693354, 
1.8833858966827393, 2.579005002975464, 0.1703579105658534, 1732748661552668141, 
1.8926849365234375, 2.580509662628174, 0.14508766018193336, 1732748661644702300, 
1.9044767618179321, 2.5822370052337646, 0.11331785298410839, 1732748661762006552, 
1.9130268096923828, 2.583012819290161, 0.08715884907510905, 1732748661854668574, 
1.9227917194366455, 2.5837478637695312, 0.06536812338706272, 1732748661953696023, 
1.9317938089370728, 2.5844621658325195, 0.047657376897621624, 1732748662044739761, 
1.9431769847869873, 2.584848403930664, 0.026206357770990524, 1732748662163689236, 
1.9524670839309692, 2.5850830078125, 0.011670359842592171, 1732748662256791418, 
1.962273120880127, 2.5853829383850098, -0.0021730247970324253, 1732748662353678274, 
1.9714291095733643, 2.5852322578430176, -0.012618727648922459, 1732748662445681137, 
1.9828718900680542, 2.585005283355713, -0.02098466092649035, 1732748662564078272, 
1.9919676780700684, 2.5847413539886475, -0.024306229467805824, 1732748662655883078, 
2.001880645751953, 2.58457350730896, -0.027689776333666077, 1732748662754928530, 
2.0107624530792236, 2.584538221359253, -0.028143517371642803, 1732748662845119046, 
2.022451162338257, 2.5841503143310547, -0.03145674323045621, 1732748662963945968, 
2.031550168991089, 2.5838522911071777, -0.033476024715544866, 1732748663054993410, 
2.0413482189178467, 2.5834696292877197, -0.033802878615108056, 1732748663154248348, 
2.050168752670288, 2.582996129989624, -0.03202945901534863, 1732748663244367735, 
2.062187433242798, 2.582730293273926, -0.03144437811134036, 1732748663364745299, 
2.0710997581481934, 2.58223557472229, -0.031014024118346965, 1732748663455702971, 
2.081181049346924, 2.5819692611694336, -0.030619672855002885, 1732748663554782009, 
2.089937448501587, 2.5818827152252197, -0.030120447309121556, 1732748663644033584, 
2.101848602294922, 2.5815796852111816, -0.028035032409078463, 1732748663764010359, 
2.111147403717041, 2.581223964691162, -0.025133803735269453, 1732748663855716589, 
2.121182918548584, 2.580930709838867, -0.023335468659672946, 1732748663954239060, 
2.130136013031006, 2.580604314804077, -0.022487687252186934, 1732748664045027629, 
2.1421613693237305, 2.5802865028381348, -0.01979390053922296, 1732748664165812652, 
2.151073932647705, 2.5802042484283447, -0.01807328486077051, 1732748664256869347, 
2.161019802093506, 2.5800163745880127, -0.015967621759129046, 1732748664354688263, 
2.1698672771453857, 2.5797595977783203, -0.01419789188731076, 1732748664444134340, 
2.1817476749420166, 2.5796008110046387, -0.01308569410161895, 1732748664564718546, 
2.1903610229492188, 2.579596757888794, -0.011047732780465197, 1732748664654723815, 
2.2002217769622803, 2.579486131668091, -0.009468221872893165, 1732748664754728385, 
2.209277868270874, 2.5793747901916504, -0.007471481750189456, 1732748664844641657, 
2.2211217880249023, 2.5793185234069824, -0.005977563129815242, 1732748664964700438, 
2.230024576187134, 2.579343557357788, -0.0050541696350767835, 1732748665054745402, 
2.2398109436035156, 2.5792694091796875, -0.00365486264338686, 1732748665154719991, 
2.248993158340454, 2.5792078971862793, -0.002033347051625469, 1732748665245074909, 
2.2610270977020264, 2.579253673553467, -0.0016552125124263623, 1732748665365728812, 
2.2697043418884277, 2.5791869163513184, 0.0006467138290230482, 1732748665454739653, 
2.27956223487854, 2.5791823863983154, 0.0016094440560523134, 1732748665554730127, 
2.2906618118286133, 2.579080104827881, 0.004075134331628997, 1732748665664067286, 
2.2989044189453125, 2.5794270038604736, 0.030215346401538654, 1732748665744820156, 
2.309223175048828, 2.5800323486328125, 0.09511066149939423, 1732748665854808015, 
2.31909441947937, 2.5811381340026855, 0.14371531478161217, 1732748665954714935, 
2.328169584274292, 2.5824832916259766, 0.1880092044062588, 1732748666046607516, 
2.339848279953003, 2.585165500640869, 0.25001722113142055, 1732748666165342628, 
2.3485889434814453, 2.5874626636505127, 0.29524154260952745, 1732748666253944479, 
2.358036994934082, 2.5905144214630127, 0.34360940672472395, 1732748666354761285, 
2.3668172359466553, 2.593895673751831, 0.3933981797412319, 1732748666450568349, 
2.3773932456970215, 2.598449945449829, 0.4496940754493506, 1732748666565728977, 
2.385395050048828, 2.602675676345825, 0.49396468180260517, 1732748666654735538, 
2.3939270973205566, 2.6075022220611572, 0.5439397761999848, 1732748666754742023, 
2.4017977714538574, 2.612305164337158, 0.5892017573766314, 1732748666845238861, 
2.411142349243164, 2.618802070617676, 0.6488770994382085, 1732748666960420665, 
2.419126272201538, 2.6251349449157715, 0.692143027261635, 1732748667059753481, 
2.4258244037628174, 2.6309762001037598, 0.7307891828104055, 1732748667150737943, 
2.434372663497925, 2.6386055946350098, 0.7699305105216473, 1732748667264810996, 
2.4400548934936523, 2.6444153785705566, 0.7917045254577486, 1732748667344019825, 
2.447861909866333, 2.6524722576141357, 0.8197546172453443, 1732748667454727718, 
2.45473051071167, 2.6599185466766357, 0.8414112447844763, 1732748667554713655, 
2.4607808589935303, 2.666712760925293, 0.8542672409432293, 1732748667645002717, 
2.468522310256958, 2.675767421722412, 0.8671698918938059, 1732748667766186430, 
2.4744656085968018, 2.6827847957611084, 0.8743115044463081, 1732748667854744248, 
2.4810118675231934, 2.690524101257324, 0.8791501523811184, 1732748667954773090, 
2.486788034439087, 2.697467565536499, 0.8791501523811184, 1732748668045224202, 
2.4939916133880615, 2.7060863971710205, 0.8732420898730555, 1732748668160752158, 
2.499821424484253, 2.7128231525421143, 0.8699762075260653, 1732748668255219175, 
2.506134033203125, 2.7203354835510254, 0.8660870224698195, 1732748668354762965, 
2.5119149684906006, 2.7270383834838867, 0.8622946610429464, 1732748668445742453, 
2.519235372543335, 2.735691547393799, 0.8575750093041793, 1732748668559948959, 
2.52545428276062, 2.7427403926849365, 0.8516373360921766, 1732748668654863803, 
2.532021999359131, 2.7499654293060303, 0.8437206803328338, 1732748668755772351, 
2.538296699523926, 2.7566239833831787, 0.839075344884549, 1732748668845460052, 
2.5459015369415283, 2.7651867866516113, 0.8305939123486437, 1732748668961321013, 
2.552150011062622, 2.7720108032226562, 0.8240173636431728, 1732748669054764374, 
2.559159994125366, 2.779360294342041, 0.8178922535237352, 1732748669156816078, 
2.565364360809326, 2.785734176635742, 0.8167321386281202, 1732748669245615276, 
2.5733540058135986, 2.7940855026245117, 0.8145524168477455, 1732748669361181739, 
2.5798938274383545, 2.8007750511169434, 0.8137863286251704, 1732748669454155563, 
2.5865345001220703, 2.807939291000366, 0.8123643741968432, 1732748669556760873, 
2.5927274227142334, 2.8145365715026855, 0.8123376157026748, 1732748669645755219, 
2.6006696224212646, 2.8229801654815674, 0.8144585155776883, 1732748669762143869, 
2.6070683002471924, 2.829890489578247, 0.8149269911194216, 1732748669855878425, 
2.6136436462402344, 2.836806535720825, 0.81624340814984, 1732748669952756993, 
2.6200599670410156, 2.843630790710449, 0.8169109101739297, 1732748670045199902, 
2.627894401550293, 2.852004051208496, 0.817356503682626, 1732748670162264958, 
2.634319543838501, 2.8586485385894775, 0.8188389332826451, 1732748670255782231, 
2.641160726547241, 2.8658108711242676, 0.8205405141256168, 1732748670352765499, 
2.6472764015197754, 2.8725152015686035, 0.820022064254235, 1732748670445861345, 
2.6549861431121826, 2.8807737827301025, 0.8206898392190024, 1732748670563920119, 
2.661412000656128, 2.887547492980957, 0.820764689925319, 1732748670654765580, 
2.6681039333343506, 2.8946871757507324, 0.820886475973577, 1732748670753785895, 
2.673936128616333, 2.9010720252990723, 0.8204662363089705, 1732748670845769608, 
2.6748757362365723, 2.9020884037017822, 0.8203272186975937, 1732748670945020078, 
2.6748430728912354, 2.901872396469116, 0.8219951853015222, 1732748671056772738, 
2.674842357635498, 2.9018733501434326, 0.8218857149907242, 1732748671153771049, 
2.674830675125122, 2.9018726348876953, 0.8219037792182674, 1732748671245987264, 
2.6748411655426025, 2.901872396469116, 0.8219816821494452, 1732748671364058421, 
2.67484712600708, 2.901872158050537, 0.8220273432332569, 1732748671456774050, 
2.6748621463775635, 2.901871919631958, 0.8221390966528699, 1732748671555778211, 
2.67486834526062, 2.901871681213379, 0.8221855883612443, 1732748671664480241, 
2.6748621463775635, 2.901871681213379, 0.8221390024105205, 1732748671745858610, 
2.6748580932617188, 2.901871681213379, 0.8221068816398401, 1732748671855875665, 
2.6748671531677246, 2.9018714427948, 0.8221756136221772, 1732748671955840504, 
2.674865961074829, 2.9018714427948, 0.8221674702114086, 1732748672045787632, 
2.6748640537261963, 2.9018714427948, 0.8221532831448677, 1732748672164966114, 
2.6748647689819336, 2.9018714427948, 0.82215692054067, 1732748672255106478, 
2.6748619079589844, 2.901871681213379, 0.8221354865220952, 1732748672355196948, 
2.6748499870300293, 2.901872158050537, 0.8220464471768307, 1732748672445762718, 
2.6748499870300293, 2.901872158050537, 0.8220462428812519, 1732748672565906709, 
2.6748499870300293, 2.901872158050537, 0.822045510804878, 1732748672655327204, 
2.6748499870300293, 2.901872158050537, 0.8220453038886569, 1732748672755831408, 
2.6748499870300293, 2.901872158050537, 0.8220447439933313, 1732748672845803551, 
2.6748499870300293, 2.901872158050537, 0.8220437464539208, 1732748672964956436, 
2.6748499870300293, 2.901872158050537, 0.8220430142839046, 1732748673056794320, 
2.6748499870300293, 2.901872158050537, 0.8220430142839046, 1732748673155796404, 
2.6748499870300293, 2.901872158050537, 0.822042727901873, 1732748673245827430, 
2.6748499870300293, 2.901872158050537, 0.822042727901873, 1732748673365207162, 
2.6748499870300293, 2.901872158050537, 0.822042727901873, 1732748673455823884, 
2.6748499870300293, 2.901872158050537, 0.822042727901873, 1732748673555799418, 
2.6748499870300293, 2.901872158050537, 0.822042727901873, 1732748673645804753, 
2.6748499870300293, 2.901872158050537, 0.822042727901873, 1732748673764990876, 
2.6748499870300293, 2.901872158050537, 0.822042727901873, 1732748673855823486, 
2.6748499870300293, 2.901872158050537, 0.822042727901873, 1732748673955795778, 
2.6748499870300293, 2.901872158050537, 0.822042727901873, 1732748674045818985, 
2.6748499870300293, 2.901872158050537, 0.822042727901873, 1732748674165327257, 
2.6748499870300293, 2.901872158050537, 0.822042727901873, 1732748674255830566, 
2.6748499870300293, 2.901872158050537, 0.822042727901873, 1732748674355828728, 
2.6748499870300293, 2.901872158050537, 0.822042727901873, 1732748674445846345, 
2.6748499870300293, 2.901872158050537, 0.822042727901873, 1732748674565713779, 
2.6748499870300293, 2.901872158050537, 0.822042727901873, 1732748674655844590, 
2.6748499870300293, 2.901872158050537, 0.822042727901873, 1732748674755061134, 
2.6748499870300293, 2.901872158050537, 0.822042727901873, 1732748674865937062, 
2.6748499870300293, 2.901872158050537, 0.822042727901873, 1732748674965127390, 
2.6748499870300293, 2.901872158050537, 0.822042727901873, 1732748675055839637, 
2.6748499870300293, 2.901872158050537, 0.822042727901873, 1732748675155832125, 
2.6748499870300293, 2.901872158050537, 0.822042727901873, 1732748675245897311, 
2.6748499870300293, 2.901872158050537, 0.822042727901873, 1732748675345829002, 
