ranges, angle_increment, stamp, 
array('f', [inf, inf, inf, inf, inf, inf, inf, inf, inf, inf, inf, inf, inf, inf, inf, inf, inf, inf, inf, inf, inf, inf, inf, inf, inf, inf, inf, inf, inf, inf, inf, inf, inf, inf, inf, inf, inf, inf, inf, inf, inf, inf, inf, inf, inf, inf, inf, inf, inf, inf, inf, inf, inf, inf, inf, inf, inf, inf, inf, inf, inf, inf, inf, inf, inf, inf, inf, inf, inf, inf, inf, inf, inf, inf, inf, inf, inf, inf, inf, inf, inf, inf, inf, inf, inf, inf, inf, inf, inf, inf, inf, inf, inf, inf, inf, inf, inf, inf, inf, inf, inf, inf, inf, inf, inf, inf, inf, inf, inf, inf, inf, inf, inf, inf, inf, inf, inf, inf, 2.489840269088745, inf, inf, 3.437258005142212, 3.257774591445923, 3.270914077758789, 3.275463819503784, inf, inf, 2.362278699874878, 2.24269700050354, 2.147705316543579, 2.0487759113311768, 1.9725743532180786, 1.8773608207702637, 1.8242852687835693, 1.7372726202011108, 1.695080041885376, 1.6455657482147217, 1.5741535425186157, 1.5546704530715942, 1.499890685081482, 1.443634033203125, 1.4325305223464966, 1.376943588256836, 1.3290963172912598, 1.3092026710510254, 1.2471965551376343, 1.239140272140503, 1.2363455295562744, 1.1943597793579102, 1.1741468906402588, 1.1432760953903198, 1.1326900720596313, 1.1008639335632324, 1.0771095752716064, 1.0572466850280762, 1.054785132408142, 1.0372004508972168, 1.0181440114974976, 0.9873375296592712, 0.9785416722297668, 0.9648647308349609, 0.969640851020813, 0.9537146091461182, 0.9264692664146423, 0.9291337132453918, 0.9216481447219849, 0.9152058959007263, 0.9071516394615173, 0.8949995040893555, 0.8829817771911621, 0.8657305836677551, 0.865247905254364, 0.8642141819000244, 0.8572908043861389, 0.8409441113471985, 0.8214899897575378, 0.8293507695198059, 0.8325693607330322, 0.8281473517417908, 0.8049151301383972, 0.7898256778717041, 0.79063481092453, 0.7937046885490417, 0.8111355900764465, 0.785370945930481, 0.7832260727882385, 0.7865656614303589, 0.7890303134918213, 0.7956674695014954, 0.762876570224762, 0.7843775153160095, 0.7618562579154968, 0.7650839686393738, 0.7739753127098083, 0.7796269655227661, 0.7541845440864563, 0.7539043426513672, 0.7677217721939087, 0.7537713050842285, 0.7560827136039734, 0.7743420600891113, 0.7555550336837769, 0.7803006172180176, 0.7612228393554688, 0.7666981220245361, 0.7752363681793213, 0.7727605104446411, 0.7804518938064575, 0.7787279486656189, 0.7922753095626831, 0.7666223645210266, 0.7866107821464539, 0.8024936318397522, 0.8085896372795105, 0.805770993232727, 0.7931557297706604, 0.8021842241287231, 0.8174253106117249, 0.8247005343437195, 0.8003264665603638, 0.8349636197090149, 0.8485993146896362, 0.8534886837005615, 0.8313369750976562, 0.8527238965034485, 0.858654797077179, 0.8748392462730408, 0.8858464956283569, 0.8858944773674011, 0.89923095703125, 0.9047258496284485, 0.9050137400627136, 0.9352483749389648, 0.9496201872825623, 0.9422383904457092, 0.960042417049408, 0.9824844598770142, 0.9904270768165588, 0.9918861985206604, 1.0197299718856812, 1.0239405632019043, 1.0572739839553833, 1.0439966917037964, 1.1049010753631592, 1.0976998805999756, 1.136005163192749, 1.1597198247909546, 1.1817643642425537, 1.195671796798706, 1.230379581451416, 1.2625454664230347, 1.261620283126831, 1.335038185119629, 1.3459447622299194, 1.3770408630371094, 1.412046194076538, 1.4631589651107788, 1.5089523792266846, 1.5654643774032593, 1.587996244430542, 1.6575583219528198, 1.7094718217849731, 1.7726205587387085, 1.8348898887634277, 1.9046741724014282, 1.9885149002075195, 2.0882163047790527, 2.166616678237915, 2.2821099758148193, 2.3827924728393555, 2.519019842147827, 2.6592297554016113, 2.828583240509033, 3.027710437774658, 3.2294716835021973, 3.4850430488586426, inf, inf, inf, inf, inf, inf, 3.49998140335083, 3.4741709232330322, 3.4930357933044434, 3.4886484146118164, 3.4897313117980957, 3.4583804607391357, 3.489295482635498, 3.4806814193725586, 3.489384174346924, 3.4707605838775635, 3.5, 3.5, 3.4832777976989746, inf, inf, inf, inf, inf, inf, inf, inf, inf, inf, inf, inf, inf, inf, inf, inf, inf, inf, inf, inf, inf, inf, inf, inf, inf, inf, inf, inf, inf, inf, inf, inf, inf, inf, inf, inf, inf, inf, inf, inf, inf, inf, inf, inf, inf, inf, inf, inf, inf, inf, inf, inf, inf, inf, inf, inf, inf, inf, inf, inf, inf, inf, inf, inf, inf]), 0.01749303564429283, 6410000000, 
array('f', [inf, inf, inf, inf, inf, inf, inf, inf, inf, inf, inf, inf, inf, inf, inf, inf, inf, inf, inf, inf, inf, inf, inf, inf, inf, inf, inf, inf, inf, inf, inf, inf, inf, inf, inf, inf, inf, inf, inf, inf, inf, inf, inf, inf, inf, inf, inf, inf, inf, inf, inf, inf, inf, inf, inf, inf, inf, inf, inf, inf, inf, inf, inf, inf, inf, inf, inf, inf, inf, inf, inf, inf, inf, inf, inf, inf, inf, inf, inf, inf, inf, inf, inf, inf, inf, inf, inf, inf, inf, inf, inf, inf, inf, inf, inf, inf, inf, inf, inf, inf, inf, inf, inf, inf, inf, inf, inf, inf, inf, inf, inf, inf, inf, inf, inf, inf, inf, inf, inf, 2.50323486328125, inf, inf, 3.396578311920166, 3.2880566120147705, 3.306971788406372, inf, inf, inf, 2.362848997116089, 2.2538297176361084, 2.1581056118011475, 2.0737264156341553, 1.9946327209472656, 1.9208424091339111, 1.850170373916626, 1.7684744596481323, 1.7298403978347778, 1.6693514585494995, 1.6263281106948853, 1.5807414054870605, 1.5376999378204346, 1.4841359853744507, 1.4404796361923218, 1.410521149635315, 1.359122633934021, 1.353666067123413, 1.3166731595993042, 1.2706326246261597, 1.2409652471542358, 1.2294642925262451, 1.2171679735183716, 1.1730784177780151, 1.1571621894836426, 1.1279518604278564, 1.1267755031585693, 1.0938597917556763, 1.075596570968628, 1.0593341588974, 1.0816574096679688, 1.0267088413238525, 1.0400867462158203, 1.0177613496780396, 0.9834232926368713, 0.9713224172592163, 0.9791141152381897, 0.9646732211112976, 0.9499667882919312, 0.9449314475059509, 0.9266579747200012, 0.9209376573562622, 0.9244909286499023, 0.8954750895500183, 0.8950592875480652, 0.8930547833442688, 0.8818299174308777, 0.8564585447311401, 0.8767589330673218, 0.8607743382453918, 0.8561621308326721, 0.8607765436172485, 0.8477281332015991, 0.851539134979248, 0.8381315469741821, 0.8387758731842041, 0.8258293867111206, 0.8146049976348877, 0.817662239074707, 0.8204919695854187, 0.8114315271377563, 0.820332944393158, 0.8131265640258789, 0.7914286255836487, 0.8040381669998169, 0.796893835067749, 0.8144342303276062, 0.8003085255622864, 0.8114773035049438, 0.7960318326950073, 0.7999937534332275, 0.8158692717552185, 0.8065572381019592, 0.8093860745429993, 0.8128346800804138, 0.807628333568573, 0.7944019436836243, 0.8106572031974792, 0.8114355802536011, 0.8108100891113281, 0.8311513066291809, 0.8424432277679443, 0.8153767585754395, 0.8266879916191101, 0.8252806067466736, 0.8372577428817749, 0.8284437656402588, 0.8536597490310669, 0.8358285427093506, 0.8593446612358093, 0.8588937520980835, 0.8609488606452942, 0.8608877658843994, 0.885465145111084, 0.8914883732795715, 0.9012778401374817, 0.8968563675880432, 0.904282808303833, 0.91815185546875, 0.9344053268432617, 0.9288926124572754, 0.9418638348579407, 0.9489656686782837, 0.9572635293006897, 0.9491209983825684, 0.990601658821106, 1.0047029256820679, 1.029794454574585, 1.0207555294036865, 1.03443443775177, 1.0477473735809326, 1.075200080871582, 1.0975077152252197, 1.097687840461731, 1.1221635341644287, 1.1418155431747437, 1.1681864261627197, 1.1722859144210815, 1.2136720418930054, 1.214985966682434, 1.2623564004898071, 1.2850592136383057, 1.3030288219451904, 1.3601045608520508, 1.3799183368682861, 1.3895562887191772, 1.446302056312561, 1.4924384355545044, 1.5422351360321045, 1.5520637035369873, 1.630274772644043, 1.6715887784957886, 1.726851224899292, 1.7704275846481323, 1.851098895072937, 1.9369451999664307, 1.9946635961532593, 2.0998504161834717, 2.1675615310668945, 2.2557830810546875, 2.3729779720306396, 2.4995455741882324, 2.629018545150757, 2.7711737155914307, 2.9224483966827393, 3.1478264331817627, 3.386091947555542, inf, inf, inf, inf, inf, 3.4978389739990234, 3.4932730197906494, 3.4965715408325195, 3.477980375289917, 3.4648313522338867, 3.44887113571167, 3.4586398601531982, 3.460615396499634, 3.4450137615203857, 3.453476905822754, 3.4656620025634766, 3.4729137420654297, 3.483670473098755, 3.4837536811828613, 3.484187364578247, 3.5, inf, inf, inf, inf, inf, inf, inf, inf, inf, inf, inf, inf, inf, inf, inf, inf, inf, inf, inf, inf, inf, inf, inf, inf, inf, inf, inf, inf, inf, inf, inf, inf, inf, inf, inf, inf, inf, inf, inf, inf, inf, inf, inf, inf, inf, inf, inf, inf, inf, inf, inf, inf, inf, inf, inf, inf, inf, inf, inf, inf, inf, inf, inf, inf]), 0.01749303564429283, 6609000000, 
array('f', [inf, inf, inf, inf, inf, inf, inf, inf, inf, inf, inf, inf, inf, inf, inf, inf, inf, inf, inf, inf, inf, inf, inf, inf, inf, inf, inf, inf, inf, inf, inf, inf, inf, inf, inf, inf, inf, inf, inf, inf, inf, inf, inf, inf, inf, inf, inf, inf, inf, inf, inf, inf, inf, inf, inf, inf, inf, inf, inf, inf, inf, inf, inf, inf, inf, inf, inf, inf, inf, inf, inf, inf, inf, inf, inf, inf, inf, inf, inf, inf, inf, inf, inf, inf, inf, inf, inf, inf, inf, inf, inf, inf, inf, inf, inf, inf, inf, inf, inf, inf, inf, inf, inf, inf, inf, inf, inf, inf, inf, inf, inf, inf, inf, inf, inf, inf, inf, inf, inf, inf, 2.5398573875427246, inf, inf, 3.297769784927368, 3.309584379196167, 3.3294718265533447, inf, inf, inf, 2.3634486198425293, 2.2793431282043457, 2.167508602142334, 2.0961410999298096, 1.9952054023742676, 1.933396339416504, 1.874761939048767, 1.8072019815444946, 1.7371591329574585, 1.7106250524520874, 1.6464519500732422, 1.5964043140411377, 1.5435791015625, 1.510175347328186, 1.451907753944397, 1.4387550354003906, 1.396820306777954, 1.3550728559494019, 1.3535237312316895, 1.3189237117767334, 1.297245740890503, 1.2407675981521606, 1.244361400604248, 1.2235369682312012, 1.1916009187698364, 1.1813441514968872, 1.150153636932373, 1.1298197507858276, 1.128514289855957, 1.0965945720672607, 1.0867817401885986, 1.064985752105713, 1.0540786981582642, 1.041971206665039, 1.0278279781341553, 1.0079162120819092, 1.0150052309036255, 0.9884936809539795, 0.9769564867019653, 0.9762431979179382, 0.9710326194763184, 0.9568654298782349, 0.9438703656196594, 0.9275159239768982, 0.9345494508743286, 0.9352658987045288, 0.9202367663383484, 0.9101134538650513, 0.8975012302398682, 0.8969696164131165, 0.8994050621986389, 0.8733048439025879, 0.8690881133079529, 0.8755336403846741, 0.8553336262702942, 0.8900612592697144, 0.8622587323188782, 0.8634145855903625, 0.8444430828094482, 0.8389328122138977, 0.8478854894638062, 0.8467574119567871, 0.8597302436828613, 0.8473356366157532, 0.8470095992088318, 0.8542834520339966, 0.8608186841011047, 0.843569278717041, 0.8403664827346802, 0.8425411581993103, 0.8382419347763062, 0.8436543941497803, 0.8475841879844666, 0.8599101901054382, 0.8343861103057861, 0.8658867478370667, 0.8457998037338257, 0.850287675857544, 0.8609558343887329, 0.860187828540802, 0.8655344247817993, 0.8776401281356812, 0.8495981693267822, 0.8729133605957031, 0.8912187218666077, 0.8823623657226562, 0.872154951095581, 0.8781369924545288, 0.8912588357925415, 0.902915894985199, 0.9105949997901917, 0.9095988869667053, 0.9101263880729675, 0.9236529469490051, 0.9280903935432434, 0.9395608901977539, 0.9617429375648499, 0.9445372819900513, 0.9614419937133789, 0.9510724544525146, 0.9727688431739807, 0.9999094605445862, 1.0098357200622559, 1.002985954284668, 1.0177197456359863, 1.0654457807540894, 1.064929723739624, 1.060757040977478, 1.09647536277771, 1.0984430313110352, 1.1357734203338623, 1.1299785375595093, 1.146310567855835, 1.1695655584335327, 1.1927011013031006, 1.2098455429077148, 1.238751769065857, 1.2546241283416748, 1.2897266149520874, 1.324221134185791, 1.3553646802902222, 1.3771027326583862, 1.4182018041610718, 1.43134605884552, 1.4745088815689087, 1.5120023488998413, 1.551634669303894, 1.5979143381118774, 1.6428841352462769, 1.686950445175171, 1.7482883930206299, 1.806119441986084, 1.860520601272583, 1.9219129085540771, 1.9962084293365479, 2.088287353515625, 2.174731731414795, 2.2536253929138184, 2.3828234672546387, 2.4927427768707275, 2.614267587661743, 2.7510523796081543, 2.911252975463867, 3.104120969772339, 3.3058316707611084, inf, inf, inf, inf, inf, 3.5, 3.481473445892334, 3.472060203552246, 3.4721744060516357, 3.47497296333313, 3.4483296871185303, 3.461332082748413, 3.44053053855896, 3.449732780456543, 3.441004514694214, 3.456078052520752, 3.4709835052490234, 3.4504013061523438, 3.460096836090088, 3.4570870399475098, 3.4628453254699707, 3.4814999103546143, 3.4936118125915527, 3.5, inf, inf, inf, inf, inf, inf, inf, inf, inf, inf, inf, inf, inf, inf, inf, inf, inf, inf, inf, inf, inf, inf, inf, inf, inf, inf, inf, inf, inf, inf, inf, inf, inf, inf, inf, inf, inf, inf, inf, inf, inf, inf, inf, inf, inf, inf, inf, inf, inf, inf, inf, inf, inf, inf, inf, inf, inf, inf, inf, inf, inf, inf]), 0.01749303564429283, 6809000000, 
array('f', [inf, inf, inf, inf, inf, inf, inf, inf, inf, inf, inf, inf, inf, inf, inf, inf, inf, inf, inf, inf, inf, inf, inf, inf, inf, inf, inf, inf, inf, inf, inf, inf, inf, inf, inf, inf, inf, inf, inf, inf, inf, inf, inf, inf, inf, inf, inf, inf, inf, inf, inf, inf, inf, inf, inf, inf, inf, inf, inf, inf, inf, inf, inf, inf, inf, inf, inf, inf, inf, inf, inf, inf, inf, inf, inf, inf, inf, inf, inf, inf, inf, inf, inf, inf, inf, inf, inf, inf, inf, inf, inf, inf, inf, inf, inf, inf, inf, inf, inf, inf, inf, inf, inf, inf, inf, inf, inf, inf, inf, inf, inf, inf, inf, inf, inf, inf, inf, inf, inf, inf, inf, 2.5597288608551025, inf, 3.4290239810943604, 3.3237996101379395, 3.3623099327087402, 3.37117075920105, inf, inf, inf, 2.3839566707611084, 2.267573356628418, 2.178664207458496, 2.0845537185668945, 2.011695623397827, 1.9412912130355835, 1.8820064067840576, 1.8478525876998901, 1.7453351020812988, 1.699102520942688, 1.680935025215149, 1.6229385137557983, 1.577581763267517, 1.5387451648712158, 1.4878534078598022, 1.4686944484710693, 1.4140570163726807, 1.4033472537994385, 1.3748955726623535, 1.350119709968567, 1.3108566999435425, 1.2830580472946167, 1.2613157033920288, 1.2582839727401733, 1.237886905670166, 1.213317632675171, 1.202561616897583, 1.1635499000549316, 1.1569597721099854, 1.1462657451629639, 1.1342471837997437, 1.0785540342330933, 1.082182765007019, 1.0850437879562378, 1.0513262748718262, 1.0646699666976929, 1.0242255926132202, 1.0347996950149536, 1.0130064487457275, 1.0138157606124878, 1.0008656978607178, 1.0009533166885376, 0.9780316352844238, 0.9750304818153381, 0.9616714119911194, 0.9665294289588928, 0.96927410364151, 0.9507646560668945, 0.9325683116912842, 0.9434282183647156, 0.9314135313034058, 0.9312620162963867, 0.9170740246772766, 0.906457781791687, 0.911813497543335, 0.8916122317314148, 0.8969080448150635, 0.900176465511322, 0.8900932669639587, 0.8756590485572815, 0.882326602935791, 0.8961870670318604, 0.8877710700035095, 0.9032365679740906, 0.8864222168922424, 0.866610586643219, 0.8728729486465454, 0.8836249113082886, 0.8851194977760315, 0.8789475560188293, 0.8810959458351135, 0.8876115679740906, 0.8853818774223328, 0.8972312211990356, 0.89026939868927, 0.8965665102005005, 0.9036678671836853, 0.8998651504516602, 0.8996610641479492, 0.9026437997817993, 0.9049826860427856, 0.9013668298721313, 0.9111754298210144, 0.9259181618690491, 0.9076835513114929, 0.9160335659980774, 0.915174126625061, 0.9331993460655212, 0.9369677901268005, 0.9396922588348389, 0.9504222273826599, 0.9515416026115417, 0.9670096039772034, 0.9731512069702148, 0.9842829704284668, 1.0067307949066162, 1.0149341821670532, 0.9970094561576843, 0.9996303915977478, 1.0385990142822266, 1.0439722537994385, 1.0563021898269653, 1.069054365158081, 1.0669879913330078, 1.0986577272415161, 1.0956615209579468, 1.1287928819656372, 1.1548813581466675, 1.146217942237854, 1.1754435300827026, 1.1835739612579346, 1.2093112468719482, 1.2338522672653198, 1.2392982244491577, 1.2802609205245972, 1.2785080671310425, 1.3281409740447998, 1.348015308380127, 1.363523244857788, 1.4072396755218506, 1.4226653575897217, 1.4451086521148682, 1.507710576057434, 1.5595861673355103, 1.5935425758361816, 1.6233323812484741, 1.6680171489715576, 1.702181100845337, 1.7980809211730957, 1.8373148441314697, 1.8798483610153198, 1.9471964836120605, 2.0269129276275635, 2.0953900814056396, 2.187476396560669, 2.274477243423462, 2.3632562160491943, 2.4786534309387207, 2.579935073852539, 2.731933355331421, 2.896174669265747, 3.050779342651367, 3.2245118618011475, 3.454657793045044, inf, inf, inf, inf, 3.5, 3.4864816665649414, 3.4901859760284424, 3.4647276401519775, 3.4432897567749023, 3.4342050552368164, 3.450366258621216, 3.4315807819366455, 3.4465973377227783, 3.4298787117004395, 3.4589126110076904, 3.4624102115631104, 3.4516193866729736, 3.4519972801208496, 3.4588797092437744, 3.454641342163086, 3.4584426879882812, 3.469672203063965, 3.475282907485962, 3.483086109161377, 3.4993886947631836, inf, inf, inf, inf, inf, inf, inf, inf, inf, inf, inf, inf, inf, inf, inf, inf, inf, inf, inf, inf, inf, inf, inf, inf, inf, inf, inf, inf, inf, inf, inf, inf, inf, inf, inf, inf, inf, inf, inf, inf, inf, inf, inf, inf, inf, inf, inf, inf, inf, inf, inf, inf, inf, inf, inf, inf, inf, inf, inf, inf, inf]), 0.01749303564429283, 7010000000, 
array('f', [inf, inf, inf, inf, inf, inf, inf, inf, inf, inf, inf, inf, inf, inf, inf, inf, inf, inf, inf, inf, inf, inf, inf, inf, inf, inf, inf, inf, inf, inf, inf, inf, inf, inf, inf, inf, inf, inf, inf, inf, inf, inf, inf, inf, inf, inf, inf, inf, inf, inf, inf, inf, inf, inf, inf, inf, inf, inf, inf, inf, inf, inf, inf, inf, inf, inf, inf, inf, inf, inf, inf, inf, inf, inf, inf, inf, inf, inf, inf, inf, inf, inf, inf, inf, inf, inf, inf, inf, inf, inf, inf, inf, inf, inf, inf, inf, inf, inf, inf, inf, inf, inf, inf, inf, inf, inf, inf, inf, inf, inf, inf, inf, inf, inf, inf, inf, inf, inf, inf, inf, inf, 2.588141679763794, inf, inf, 3.3735806941986084, 3.348098039627075, 3.35945463180542, inf, inf, inf, 2.4758949279785156, 2.3772764205932617, 2.2612574100494385, 2.1781466007232666, 2.1155645847320557, 2.050588846206665, 1.9630087614059448, 1.915075659751892, 1.8595027923583984, 1.7793306112289429, 1.7351804971694946, 1.6957536935806274, 1.643326997756958, 1.6276392936706543, 1.5522449016571045, 1.527396559715271, 1.489231824874878, 1.4663978815078735, 1.4228391647338867, 1.407001256942749, 1.36935555934906, 1.3489093780517578, 1.3437786102294922, 1.3101249933242798, 1.2762115001678467, 1.2693371772766113, 1.2431530952453613, 1.2268600463867188, 1.1816327571868896, 1.1714872121810913, 1.1611859798431396, 1.1608713865280151, 1.1244884729385376, 1.1278916597366333, 1.114880919456482, 1.1061152219772339, 1.078447699546814, 1.0790177583694458, 1.0775827169418335, 1.0576181411743164, 1.0435329675674438, 1.0489585399627686, 1.0181444883346558, 1.0148183107376099, 0.9952157139778137, 1.0111289024353027, 0.9730321168899536, 0.9800431728363037, 1.0001325607299805, 0.9546141624450684, 0.9943280220031738, 0.9831851124763489, 0.9420027732849121, 0.9770771265029907, 0.9333651661872864, 0.9696741700172424, 0.9408422708511353, 0.9298962354660034, 0.9183515906333923, 0.9225077033042908, 0.9630219340324402, 0.9316655397415161, 0.9343646764755249, 0.9359358549118042, 0.9237565398216248, 0.9135882258415222, 0.9186722040176392, 0.9022314548492432, 0.9181487560272217, 0.9270035624504089, 0.9099851846694946, 0.9059564471244812, 0.9229187369346619, 0.9099946022033691, 0.9178712368011475, 0.9329676032066345, 0.9124528765678406, 0.938470184803009, 0.9380248785018921, 0.9501036405563354, 0.9384506940841675, 0.9615850448608398, 0.9465364217758179, 0.9580556154251099, 0.9785715937614441, 0.9562510848045349, 0.9873891472816467, 0.9677435755729675, 0.9858006238937378, 0.9971767067909241, 1.0036581754684448, 1.0189377069473267, 1.0068683624267578, 1.0169562101364136, 1.0326231718063354, 1.0330910682678223, 1.0405216217041016, 1.0509885549545288, 1.0589746236801147, 1.0796914100646973, 1.1093107461929321, 1.111852765083313, 1.11381196975708, 1.132609486579895, 1.116889476776123, 1.1514595746994019, 1.1750164031982422, 1.1840436458587646, 1.1981853246688843, 1.2193503379821777, 1.2361539602279663, 1.2586669921875, 1.2891429662704468, 1.3074297904968262, 1.3337328433990479, 1.3414956331253052, 1.3834917545318604, 1.3933212757110596, 1.4226635694503784, 1.4632937908172607, 1.4906680583953857, 1.5253106355667114, 1.5569531917572021, 1.6233104467391968, 1.631455898284912, 1.6999948024749756, 1.7443654537200928, 1.7888915538787842, 1.852684497833252, 1.8895536661148071, 1.9840718507766724, 2.035905361175537, 2.1147232055664062, 2.188565969467163, 2.261786460876465, 2.3654935359954834, 2.447157621383667, 2.574467897415161, 2.728226661682129, 2.860004425048828, 2.996737241744995, 3.1716501712799072, 3.3830554485321045, inf, inf, inf, inf, 3.488934278488159, 3.482990264892578, 3.4617490768432617, 3.464419364929199, 3.454150676727295, 3.466587543487549, 3.4418814182281494, 3.4308924674987793, 3.4194529056549072, 3.438859462738037, 3.4268898963928223, 3.4055652618408203, 3.427546739578247, 3.4434657096862793, 3.444854736328125, 3.4405505657196045, 3.445981502532959, 3.4626998901367188, 3.4517173767089844, 3.460968255996704, 3.476802349090576, 3.4628970623016357, 3.499488353729248, inf, inf, inf, inf, inf, inf, inf, inf, inf, inf, inf, inf, inf, inf, inf, inf, inf, inf, inf, inf, inf, inf, inf, inf, inf, inf, inf, inf, inf, inf, inf, inf, inf, inf, inf, inf, inf, inf, inf, inf, inf, inf, inf, inf, inf, inf, inf, inf, inf, inf, inf, inf, inf, inf, inf, inf, inf, inf, inf, inf]), 0.01749303564429283, 7210000000, 
array('f', [inf, inf, inf, inf, inf, inf, inf, inf, inf, inf, inf, inf, inf, inf, inf, inf, inf, inf, inf, inf, inf, inf, inf, inf, inf, inf, inf, inf, inf, inf, inf, inf, inf, inf, inf, inf, inf, inf, inf, inf, inf, inf, inf, inf, inf, inf, inf, inf, inf, inf, inf, inf, inf, inf, inf, inf, inf, inf, inf, inf, inf, inf, inf, inf, inf, inf, inf, inf, inf, inf, inf, inf, inf, inf, inf, inf, inf, inf, inf, inf, inf, inf, inf, inf, inf, inf, inf, inf, inf, inf, inf, inf, inf, inf, inf, inf, inf, inf, inf, inf, inf, inf, inf, inf, inf, inf, inf, inf, inf, inf, inf, inf, inf, inf, inf, inf, inf, inf, inf, inf, inf, inf, 2.5918917655944824, inf, inf, 3.366642951965332, 3.3836631774902344, 3.3862802982330322, inf, inf, inf, 2.4703071117401123, 2.3657588958740234, 2.2729551792144775, 2.206239700317383, 2.1115880012512207, 2.04465389251709, 1.9686450958251953, 1.9323430061340332, 1.8599817752838135, 1.815649390220642, 1.7633761167526245, 1.7145171165466309, 1.6773934364318848, 1.630651593208313, 1.6101593971252441, 1.5873827934265137, 1.5265194177627563, 1.4847928285598755, 1.4525007009506226, 1.4218076467514038, 1.3877570629119873, 1.3928807973861694, 1.341048002243042, 1.3187001943588257, 1.3077454566955566, 1.2994705438613892, 1.2771013975143433, 1.2578935623168945, 1.222062349319458, 1.2205604314804077, 1.2099666595458984, 1.1633937358856201, 1.1605520248413086, 1.1500720977783203, 1.1499807834625244, 1.1428923606872559, 1.1104615926742554, 1.1117684841156006, 1.0787949562072754, 1.086633324623108, 1.0837663412094116, 1.0621310472488403, 1.0635908842086792, 1.05657160282135, 1.0436193943023682, 1.0352911949157715, 1.0332181453704834, 1.0133047103881836, 0.9918192028999329, 0.9913631081581116, 0.9920626878738403, 0.9909029006958008, 0.9974001049995422, 0.9984287023544312, 0.9819504618644714, 0.9737498760223389, 0.9843140840530396, 0.9782699346542358, 0.981814980506897, 0.9771931171417236, 0.9782189726829529, 0.9609401822090149, 0.9528784155845642, 0.9737562537193298, 0.9606845378875732, 0.9602463245391846, 0.9401390552520752, 0.957709789276123, 0.9516888856887817, 0.958758533000946, 0.9558184742927551, 0.964497983455658, 0.9621168375015259, 0.9683541655540466, 0.9375805854797363, 0.9607477188110352, 0.9773582816123962, 0.9682047963142395, 0.963881254196167, 0.9854757189750671, 0.9800068736076355, 0.9751244783401489, 0.9685145616531372, 1.0067368745803833, 1.00870680809021, 1.0054672956466675, 1.0022739171981812, 1.0208032131195068, 1.031827449798584, 1.0352424383163452, 1.0228350162506104, 1.0363414287567139, 1.0534639358520508, 1.0531892776489258, 1.0727747678756714, 1.0920945405960083, 1.0847114324569702, 1.111964464187622, 1.1135270595550537, 1.1395457983016968, 1.1467961072921753, 1.150631070137024, 1.1644322872161865, 1.1877472400665283, 1.1937888860702515, 1.2238304615020752, 1.2327196598052979, 1.2722400426864624, 1.2713724374771118, 1.2749674320220947, 1.316998839378357, 1.3493432998657227, 1.373720645904541, 1.3746531009674072, 1.3913047313690186, 1.412973165512085, 1.455451250076294, 1.5027824640274048, 1.5278600454330444, 1.555095911026001, 1.6043901443481445, 1.6292473077774048, 1.6818327903747559, 1.7221359014511108, 1.7705892324447632, 1.8269362449645996, 1.8527052402496338, 1.9172110557556152, 1.9831169843673706, 2.053570508956909, 2.116652488708496, 2.179560899734497, 2.2851040363311768, 2.36385440826416, 2.465801477432251, 2.576995372772217, 2.682863235473633, 2.808767318725586, 2.9659104347229004, 3.1333045959472656, 3.29813814163208, inf, inf, inf, inf, 3.489560842514038, 3.4820919036865234, 3.4541707038879395, 3.457453966140747, 3.43867826461792, 3.442941665649414, 3.435041904449463, 3.4357829093933105, 3.4315810203552246, 3.4051461219787598, 3.411923408508301, 3.41392183303833, 3.4155209064483643, 3.4406065940856934, 3.4244225025177, 3.4296658039093018, 3.426462411880493, 3.4133286476135254, 3.4307239055633545, 3.4476897716522217, 3.430936574935913, 3.4678070545196533, 3.4639992713928223, 3.475147247314453, 3.5, inf, inf, inf, inf, inf, inf, inf, inf, inf, inf, inf, inf, inf, inf, inf, inf, inf, inf, inf, inf, inf, inf, inf, inf, inf, inf, inf, inf, inf, inf, inf, inf, inf, inf, inf, inf, inf, inf, inf, inf, inf, inf, inf, inf, inf, inf, inf, inf, inf, inf, inf, inf, inf, inf, inf, inf, inf, inf, inf]), 0.01749303564429283, 7411000000, 
array('f', [inf, inf, inf, inf, inf, inf, inf, inf, inf, inf, inf, inf, inf, inf, inf, inf, inf, inf, inf, inf, inf, inf, inf, inf, inf, inf, inf, inf, inf, inf, inf, inf, inf, inf, inf, inf, inf, inf, inf, inf, inf, inf, inf, inf, inf, inf, inf, inf, inf, inf, inf, inf, inf, inf, inf, inf, inf, inf, inf, inf, inf, inf, inf, inf, inf, inf, inf, inf, inf, inf, inf, inf, inf, inf, inf, inf, inf, inf, inf, inf, inf, inf, inf, inf, inf, inf, inf, inf, inf, inf, inf, inf, inf, inf, inf, inf, inf, inf, inf, inf, inf, inf, inf, inf, inf, inf, inf, inf, inf, inf, inf, inf, inf, inf, inf, inf, inf, inf, inf, inf, inf, inf, inf, 2.6245498657226562, inf, 3.438723564147949, 3.394827127456665, 3.4160094261169434, inf, inf, inf, inf, 2.468125343322754, 2.3590550422668457, 2.2938101291656494, 2.184882879257202, 2.1281912326812744, 2.06640625, 2.0102365016937256, 1.924939513206482, 1.8807494640350342, 1.8240164518356323, 1.7832741737365723, 1.718326210975647, 1.6889760494232178, 1.6497114896774292, 1.612473726272583, 1.5956321954727173, 1.5423911809921265, 1.5165855884552002, 1.4921152591705322, 1.4489833116531372, 1.4366098642349243, 1.403058409690857, 1.4010775089263916, 1.3630024194717407, 1.3533129692077637, 1.3283264636993408, 1.299812912940979, 1.2669692039489746, 1.259312629699707, 1.2417312860488892, 1.2241531610488892, 1.2128840684890747, 1.1992876529693604, 1.1817189455032349, 1.1830334663391113, 1.1776695251464844, 1.1553194522857666, 1.1391892433166504, 1.1205663681030273, 1.1003849506378174, 1.1020114421844482, 1.0952569246292114, 1.0932714939117432, 1.0721282958984375, 1.0835955142974854, 1.0597257614135742, 1.0732165575027466, 1.0398783683776855, 1.0333409309387207, 1.0353171825408936, 1.0417996644973755, 1.029641032218933, 1.0069555044174194, 1.0171422958374023, 1.0227491855621338, 1.0142399072647095, 1.0174676179885864, 1.0041489601135254, 1.0139367580413818, 0.9965911507606506, 1.0243818759918213, 0.9929754734039307, 0.9943555593490601, 1.0129770040512085, 0.9903149604797363, 1.0061043500900269, 1.0094566345214844, 1.0046242475509644, 1.0174002647399902, 0.9838518500328064, 1.009634017944336, 1.0187898874282837, 1.0069693326950073, 0.998595118522644, 1.0128461122512817, 0.9838317036628723, 1.0251916646957397, 0.9934659004211426, 1.0216706991195679, 1.0484838485717773, 1.0179113149642944, 1.0309696197509766, 1.0379645824432373, 1.0494881868362427, 1.0577322244644165, 1.0472538471221924, 1.0711520910263062, 1.0647027492523193, 1.074515700340271, 1.0940260887145996, 1.0978891849517822, 1.0750786066055298, 1.1126363277435303, 1.110335111618042, 1.1444683074951172, 1.119110345840454, 1.1330742835998535, 1.1604373455047607, 1.1930019855499268, 1.1924808025360107, 1.2004824876785278, 1.221009373664856, 1.2383054494857788, 1.2409402132034302, 1.2509331703186035, 1.2785354852676392, 1.288763165473938, 1.3049850463867188, 1.3350660800933838, 1.35670006275177, 1.3854249715805054, 1.4262059926986694, 1.4186625480651855, 1.4600118398666382, 1.4835882186889648, 1.5058706998825073, 1.5366675853729248, 1.5746721029281616, 1.6354525089263916, 1.666076898574829, 1.6973992586135864, 1.7522437572479248, 1.7769542932510376, 1.8183808326721191, 1.8645026683807373, 1.9396185874938965, 2.0052382946014404, 2.0479366779327393, 2.1437368392944336, 2.211782455444336, 2.286670446395874, 2.37516450881958, 2.449373483657837, 2.5736277103424072, 2.675936698913574, 2.793614149093628, 2.92588472366333, 3.0779531002044678, 3.2550485134124756, 3.440988063812256, inf, inf, inf, 3.4843928813934326, 3.481538772583008, 3.4632461071014404, 3.4321823120117188, 3.446526527404785, 3.450810670852661, 3.453226327896118, 3.4395437240600586, 3.4120357036590576, 3.412611246109009, 3.3927547931671143, 3.4040513038635254, 3.407726526260376, 3.3951187133789062, 3.407301425933838, 3.403529644012451, 3.4081315994262695, 3.4082629680633545, 3.426170587539673, 3.4319024085998535, 3.4299044609069824, 3.4345903396606445, 3.4570627212524414, 3.462289333343506, 3.4695188999176025, 3.488807201385498, 3.4978647232055664, inf, inf, inf, inf, inf, inf, inf, inf, inf, inf, inf, inf, inf, inf, inf, inf, inf, inf, inf, inf, inf, inf, inf, inf, inf, inf, inf, inf, inf, inf, inf, inf, inf, inf, inf, inf, inf, inf, inf, inf, inf, inf, inf, inf, inf, inf, inf, inf, inf, inf, inf, inf, inf, inf, inf, inf, inf, inf]), 0.01749303564429283, 7613000000, 
array('f', [inf, inf, inf, inf, inf, inf, inf, inf, inf, inf, inf, inf, inf, inf, inf, inf, inf, inf, inf, inf, inf, inf, inf, inf, inf, inf, inf, inf, inf, inf, inf, inf, inf, inf, inf, inf, inf, inf, inf, inf, inf, inf, inf, inf, inf, inf, inf, inf, inf, inf, inf, inf, inf, inf, inf, inf, inf, inf, inf, inf, inf, inf, inf, inf, inf, inf, inf, inf, inf, inf, inf, inf, inf, inf, inf, inf, inf, inf, inf, inf, inf, inf, inf, inf, inf, inf, inf, inf, inf, inf, inf, inf, inf, inf, inf, inf, inf, inf, inf, inf, inf, inf, inf, inf, inf, inf, inf, inf, inf, inf, inf, inf, inf, inf, inf, inf, inf, inf, inf, inf, inf, inf, inf, 2.6555521488189697, 2.6440818309783936, inf, 3.41849946975708, 3.432119131088257, 3.434799909591675, inf, inf, inf, 2.564683675765991, 2.444157361984253, 2.3766605854034424, 2.286773443222046, 2.194190263748169, 2.135157585144043, 2.068711996078491, 2.0137887001037598, 1.9599844217300415, 1.9152671098709106, 1.867490530014038, 1.7919740676879883, 1.756235122680664, 1.7213490009307861, 1.6802012920379639, 1.6261628866195679, 1.6322609186172485, 1.566814661026001, 1.5315357446670532, 1.5331907272338867, 1.496190071105957, 1.4467400312423706, 1.4436907768249512, 1.4208449125289917, 1.388916254043579, 1.374521017074585, 1.3330360651016235, 1.3193552494049072, 1.3050355911254883, 1.304746389389038, 1.2786108255386353, 1.2391248941421509, 1.2589192390441895, 1.226675033569336, 1.2258085012435913, 1.201554775238037, 1.1894428730010986, 1.1924482583999634, 1.1667956113815308, 1.156014084815979, 1.145423173904419, 1.1611716747283936, 1.1267329454421997, 1.13985276222229, 1.1177514791488647, 1.1079657077789307, 1.1165448427200317, 1.0873496532440186, 1.0874543190002441, 1.075770378112793, 1.0713235139846802, 1.071058750152588, 1.0663022994995117, 1.0651577711105347, 1.0492552518844604, 1.0377908945083618, 1.0480122566223145, 1.047464370727539, 1.0431222915649414, 1.040083408355713, 1.0349699258804321, 1.0382215976715088, 1.022711992263794, 1.03346586227417, 1.0307981967926025, 1.0322456359863281, 1.0522406101226807, 1.033385992050171, 1.0479072332382202, 1.0318530797958374, 1.0391426086425781, 1.041443943977356, 1.0259144306182861, 1.0234341621398926, 1.0327993631362915, 1.0572059154510498, 1.0509182214736938, 1.0406969785690308, 1.0593390464782715, 1.0655639171600342, 1.0631823539733887, 1.072754979133606, 1.0931199789047241, 1.0782713890075684, 1.098041296005249, 1.0839139223098755, 1.0973378419876099, 1.1339318752288818, 1.1120491027832031, 1.1183042526245117, 1.130886197090149, 1.1321159601211548, 1.1476315259933472, 1.1653615236282349, 1.1418458223342896, 1.178663730621338, 1.184888482093811, 1.2025903463363647, 1.2241872549057007, 1.2313247919082642, 1.253758430480957, 1.2659311294555664, 1.2935861349105835, 1.2956109046936035, 1.3107492923736572, 1.3457446098327637, 1.351446509361267, 1.35823655128479, 1.3986543416976929, 1.3975907564163208, 1.4491764307022095, 1.4607434272766113, 1.481730341911316, 1.510349154472351, 1.5499595403671265, 1.5732150077819824, 1.596860408782959, 1.6540954113006592, 1.6783393621444702, 1.7325149774551392, 1.7541507482528687, 1.8071357011795044, 1.8468718528747559, 1.9005213975906372, 1.9445894956588745, 2.0134620666503906, 2.0634148120880127, 2.14131236076355, 2.2099592685699463, 2.303912878036499, 2.3884212970733643, 2.462554931640625, 2.5656192302703857, 2.6666948795318604, 2.7864413261413574, 2.906123161315918, 3.037271022796631, 3.2014267444610596, 3.359121799468994, inf, inf, inf, 3.485304355621338, 3.482781171798706, 3.4587924480438232, 3.443577766418457, 3.450632095336914, 3.426318645477295, 3.4172606468200684, 3.4228086471557617, 3.421895742416382, 3.4067397117614746, 3.413677930831909, 3.405378580093384, 3.3901662826538086, 3.399386167526245, 3.3841190338134766, 3.3970651626586914, 3.39143443107605, 3.393885374069214, 3.406879425048828, 3.4006600379943848, 3.4192042350769043, 3.4135639667510986, 3.422475576400757, 3.437267541885376, 3.4447386264801025, 3.4544880390167236, 3.4701104164123535, 3.4917736053466797, 3.491332530975342, inf, inf, inf, inf, inf, inf, inf, inf, inf, inf, inf, inf, inf, inf, inf, inf, inf, inf, inf, inf, inf, inf, inf, inf, inf, inf, inf, inf, inf, inf, inf, inf, inf, inf, inf, inf, inf, inf, inf, inf, inf, inf, inf, inf, inf, inf, inf, inf, inf, inf, inf, inf, inf, inf, inf, inf, inf]), 0.01749303564429283, 7809000000, 
array('f', [inf, inf, inf, inf, inf, inf, inf, inf, inf, inf, inf, inf, inf, inf, inf, inf, inf, inf, inf, inf, inf, inf, inf, inf, inf, inf, inf, inf, inf, inf, inf, inf, inf, inf, inf, inf, inf, inf, inf, inf, inf, inf, inf, inf, inf, inf, inf, inf, inf, inf, inf, inf, inf, inf, inf, inf, inf, inf, inf, inf, inf, inf, inf, inf, inf, inf, inf, inf, inf, inf, inf, inf, inf, inf, inf, inf, inf, inf, inf, inf, inf, inf, inf, inf, inf, inf, inf, inf, inf, inf, inf, inf, inf, inf, inf, inf, inf, inf, inf, inf, inf, inf, inf, inf, inf, inf, inf, inf, inf, inf, inf, inf, inf, inf, inf, inf, inf, inf, inf, inf, inf, inf, inf, inf, 2.665726900100708, inf, 3.5, 3.452606439590454, 3.470813274383545, inf, inf, inf, inf, 2.541461706161499, 2.4471278190612793, 2.3711607456207275, 2.2758476734161377, 2.2220957279205322, 2.154022455215454, 2.088315010070801, 2.0274033546447754, 1.969135046005249, 1.9305500984191895, 1.8708878755569458, 1.8189970254898071, 1.7792422771453857, 1.7380224466323853, 1.7011440992355347, 1.6814309358596802, 1.63652503490448, 1.5969669818878174, 1.5719434022903442, 1.532256841659546, 1.5241788625717163, 1.5014245510101318, 1.4609103202819824, 1.4491338729858398, 1.4386391639709473, 1.4032444953918457, 1.3676186800003052, 1.353972315788269, 1.3308894634246826, 1.3282557725906372, 1.300074815750122, 1.2901504039764404, 1.2698917388916016, 1.262247920036316, 1.2330515384674072, 1.2324926853179932, 1.2236799001693726, 1.2143983840942383, 1.2079243659973145, 1.197702169418335, 1.1722173690795898, 1.1822489500045776, 1.1739747524261475, 1.149253487586975, 1.1356433629989624, 1.1441624164581299, 1.1333247423171997, 1.1362228393554688, 1.1177985668182373, 1.1100412607192993, 1.1214442253112793, 1.09561288356781, 1.1066094636917114, 1.0814489126205444, 1.0788443088531494, 1.0912214517593384, 1.086472749710083, 1.073099136352539, 1.0912761688232422, 1.0708953142166138, 1.074449062347412, 1.0818506479263306, 1.067055344581604, 1.0567182302474976, 1.0633927583694458, 1.0783292055130005, 1.0837591886520386, 1.0602048635482788, 1.077784776687622, 1.0737833976745605, 1.066024661064148, 1.0835003852844238, 1.0708791017532349, 1.0899205207824707, 1.0787042379379272, 1.0922893285751343, 1.0963438749313354, 1.1119775772094727, 1.0965478420257568, 1.1138527393341064, 1.1020206212997437, 1.1157984733581543, 1.1272714138031006, 1.1311060190200806, 1.136081337928772, 1.1308854818344116, 1.1267657279968262, 1.1388779878616333, 1.1619442701339722, 1.1666008234024048, 1.1889777183532715, 1.1884233951568604, 1.220901608467102, 1.20962393283844, 1.2207541465759277, 1.2297077178955078, 1.2245336771011353, 1.2689859867095947, 1.258733868598938, 1.288059115409851, 1.3320252895355225, 1.3363142013549805, 1.3303558826446533, 1.3604912757873535, 1.3701552152633667, 1.4085742235183716, 1.4082860946655273, 1.4398263692855835, 1.4644392728805542, 1.4972920417785645, 1.5094404220581055, 1.5435905456542969, 1.594104528427124, 1.6059163808822632, 1.6450284719467163, 1.6904685497283936, 1.7138429880142212, 1.7287094593048096, 1.7778913974761963, 1.814896583557129, 1.863634467124939, 1.926627278327942, 1.977489709854126, 2.0280354022979736, 2.0754504203796387, 2.1447339057922363, 2.212704658508301, 2.3062407970428467, 2.387692451477051, 2.4685702323913574, 2.548449993133545, 2.6652302742004395, 2.756936550140381, 2.86295223236084, 3.0015127658843994, 3.1451680660247803, 3.311277389526367, 3.5, inf, inf, 3.4989283084869385, 3.4865753650665283, 3.4634037017822266, 3.4423623085021973, 3.4229862689971924, 3.4029366970062256, 3.424370765686035, 3.413048267364502, 3.395479917526245, 3.3877105712890625, 3.4008610248565674, 3.383493661880493, 3.400611400604248, 3.367668628692627, 3.3834824562072754, 3.369081974029541, 3.3855092525482178, 3.3792564868927, 3.385606288909912, 3.3830220699310303, 3.3978922367095947, 3.402958631515503, 3.389896869659424, 3.416287899017334, 3.426201581954956, 3.4179468154907227, 3.456169843673706, 3.4365525245666504, 3.4551122188568115, 3.493929862976074, inf, inf, inf, inf, inf, inf, inf, inf, inf, inf, inf, inf, inf, inf, inf, inf, inf, inf, inf, inf, inf, inf, inf, inf, inf, inf, inf, inf, inf, inf, inf, inf, inf, inf, inf, inf, inf, inf, inf, inf, inf, inf, inf, inf, inf, inf, inf, inf, inf, inf, inf, inf, inf, inf, inf, inf, inf]), 0.01749303564429283, 8011000000, 
array('f', [inf, inf, inf, inf, inf, inf, inf, inf, inf, inf, inf, inf, inf, inf, inf, inf, inf, inf, inf, inf, inf, inf, inf, inf, inf, inf, inf, inf, inf, inf, inf, inf, inf, inf, inf, inf, inf, inf, inf, inf, inf, inf, inf, inf, inf, inf, inf, inf, inf, inf, inf, inf, inf, inf, inf, inf, inf, inf, inf, inf, inf, inf, inf, inf, inf, inf, inf, inf, inf, inf, inf, inf, inf, inf, inf, inf, inf, inf, inf, inf, inf, inf, inf, inf, inf, inf, inf, inf, inf, inf, inf, inf, inf, inf, inf, inf, inf, inf, inf, inf, inf, inf, inf, inf, inf, inf, inf, inf, inf, inf, inf, inf, inf, inf, inf, inf, inf, inf, inf, inf, inf, inf, inf, inf, inf, 2.676365852355957, inf, 3.473261594772339, 3.4895901679992676, inf, inf, inf, inf, inf, 2.545527219772339, 2.441418409347534, 2.373399257659912, 2.3005592823028564, 2.2159948348999023, 2.1517257690429688, 2.1092212200164795, 2.026798963546753, 1.9952385425567627, 1.9288547039031982, 1.9030553102493286, 1.860159993171692, 1.7961686849594116, 1.786887288093567, 1.7464431524276733, 1.6873079538345337, 1.665976643562317, 1.6314443349838257, 1.5975620746612549, 1.5797617435455322, 1.537691593170166, 1.518965721130371, 1.4671162366867065, 1.4670833349227905, 1.443002462387085, 1.4410001039505005, 1.4228280782699585, 1.3906408548355103, 1.3728333711624146, 1.3563495874404907, 1.3282705545425415, 1.3243073225021362, 1.2926347255706787, 1.2836593389511108, 1.2910125255584717, 1.2893285751342773, 1.2564038038253784, 1.2432092428207397, 1.2236049175262451, 1.2033592462539673, 1.2086503505706787, 1.2137517929077148, 1.1933505535125732, 1.2001147270202637, 1.1603537797927856, 1.1829382181167603, 1.1706072092056274, 1.1485168933868408, 1.1554104089736938, 1.1514354944229126, 1.1419086456298828, 1.1394989490509033, 1.1353545188903809, 1.1187615394592285, 1.1268106698989868, 1.1155372858047485, 1.111809492111206, 1.111099362373352, 1.1142809391021729, 1.0998791456222534, 1.1152418851852417, 1.1198400259017944, 1.118949055671692, 1.103335976600647, 1.1046738624572754, 1.1065913438796997, 1.1207263469696045, 1.1241344213485718, 1.112865924835205, 1.1262484788894653, 1.1168491840362549, 1.1198307275772095, 1.1077799797058105, 1.135893702507019, 1.1245677471160889, 1.1239768266677856, 1.1505036354064941, 1.148188591003418, 1.1309126615524292, 1.1445612907409668, 1.1531682014465332, 1.152631402015686, 1.1573792695999146, 1.1697107553482056, 1.1693350076675415, 1.1816166639328003, 1.201966643333435, 1.1983063220977783, 1.2272686958312988, 1.218033790588379, 1.2270069122314453, 1.24569571018219, 1.2375469207763672, 1.2695815563201904, 1.2839443683624268, 1.3054369688034058, 1.3214852809906006, 1.3408935070037842, 1.339544415473938, 1.3541772365570068, 1.364651083946228, 1.379643201828003, 1.4257031679153442, 1.4363523721694946, 1.442630648612976, 1.4768215417861938, 1.4842933416366577, 1.5207985639572144, 1.5384998321533203, 1.5798696279525757, 1.5826635360717773, 1.6537749767303467, 1.657141089439392, 1.6832023859024048, 1.7293105125427246, 1.7588249444961548, 1.8059111833572388, 1.8435585498809814, 1.891090750694275, 1.9301650524139404, 1.9872568845748901, 2.03458833694458, 2.1012513637542725, 2.1463401317596436, 2.2193098068237305, 2.3041303157806396, 2.3636319637298584, 2.4448089599609375, 2.5415303707122803, 2.6502158641815186, 2.7452497482299805, 2.8639304637908936, 2.975743293762207, 3.1157264709472656, 3.2629969120025635, 3.441993474960327, inf, inf, 3.5, 3.497889757156372, 3.47281551361084, 3.4532523155212402, 3.421416997909546, 3.428095817565918, 3.3984503746032715, 3.4025557041168213, 3.3963513374328613, 3.3924083709716797, 3.3826069831848145, 3.3847360610961914, 3.373427152633667, 3.3802928924560547, 3.356273651123047, 3.350353717803955, 3.3517985343933105, 3.362351894378662, 3.3654046058654785, 3.3605217933654785, 3.372777223587036, 3.373765468597412, 3.3959288597106934, 3.3985629081726074, 3.418137311935425, 3.405308961868286, 3.408783197402954, 3.4454636573791504, 3.4333441257476807, 3.448942184448242, 3.4817028045654297, 3.4842610359191895, inf, inf, inf, inf, inf, inf, inf, inf, inf, inf, inf, inf, inf, inf, inf, inf, inf, inf, inf, inf, inf, inf, inf, inf, inf, inf, inf, inf, inf, inf, inf, inf, inf, inf, inf, inf, inf, inf, inf, inf, inf, inf, inf, inf, inf, inf, inf, inf, inf, inf, inf, inf, inf, inf, inf, inf]), 0.01749303564429283, 8209000000, 
array('f', [inf, inf, inf, inf, inf, inf, inf, inf, inf, inf, inf, inf, inf, inf, inf, inf, inf, inf, inf, inf, inf, inf, inf, inf, inf, inf, inf, inf, inf, inf, inf, inf, inf, inf, inf, inf, inf, inf, inf, inf, inf, inf, inf, inf, inf, inf, inf, inf, inf, inf, inf, inf, inf, inf, inf, inf, inf, inf, inf, inf, inf, inf, inf, inf, inf, inf, inf, inf, inf, inf, inf, inf, inf, inf, inf, inf, inf, inf, inf, inf, inf, inf, inf, inf, inf, inf, inf, inf, inf, inf, inf, inf, inf, inf, inf, inf, inf, inf, inf, inf, inf, inf, inf, inf, inf, inf, inf, inf, inf, inf, inf, inf, inf, inf, inf, inf, inf, inf, inf, inf, inf, inf, inf, inf, inf, inf, 2.7261641025543213, inf, 3.498486280441284, inf, inf, inf, inf, inf, 2.6207456588745117, 2.5490429401397705, 2.4603569507598877, 2.3695991039276123, 2.2981369495391846, 2.22820782661438, 2.1629137992858887, 2.110801935195923, 2.045630693435669, 2.0065338611602783, 1.9789741039276123, 1.9258370399475098, 1.8678170442581177, 1.8314906358718872, 1.7886768579483032, 1.7628912925720215, 1.711887240409851, 1.6971029043197632, 1.6414135694503784, 1.619000792503357, 1.596611738204956, 1.5627068281173706, 1.5481898784637451, 1.5339839458465576, 1.4858553409576416, 1.479475736618042, 1.45807683467865, 1.4284477233886719, 1.421920657157898, 1.4106725454330444, 1.3698852062225342, 1.360114336013794, 1.3606319427490234, 1.3388254642486572, 1.3303922414779663, 1.3223270177841187, 1.3094978332519531, 1.2879128456115723, 1.2890827655792236, 1.277278184890747, 1.2611095905303955, 1.2474923133850098, 1.252426266670227, 1.2237858772277832, 1.2029163837432861, 1.214521050453186, 1.2079119682312012, 1.2009414434432983, 1.1981054544448853, 1.185745120048523, 1.1800929307937622, 1.1703966856002808, 1.165670394897461, 1.1724821329116821, 1.1663106679916382, 1.1637053489685059, 1.1487420797348022, 1.1690773963928223, 1.176121473312378, 1.1605068445205688, 1.1676793098449707, 1.1264160871505737, 1.1572383642196655, 1.1405900716781616, 1.14422607421875, 1.1432263851165771, 1.1396139860153198, 1.1571706533432007, 1.148871660232544, 1.1589831113815308, 1.1437475681304932, 1.1477469205856323, 1.1345455646514893, 1.1719560623168945, 1.1437965631484985, 1.1740455627441406, 1.1743497848510742, 1.1812238693237305, 1.1846808195114136, 1.1833876371383667, 1.191477656364441, 1.1976488828659058, 1.1875851154327393, 1.2080378532409668, 1.2261890172958374, 1.23915696144104, 1.2306290864944458, 1.2568775415420532, 1.2709110975265503, 1.2682876586914062, 1.2827625274658203, 1.3160591125488281, 1.2967004776000977, 1.3054895401000977, 1.3264402151107788, 1.3553329706192017, 1.3788282871246338, 1.3603042364120483, 1.39911687374115, 1.4218207597732544, 1.410467505455017, 1.4520893096923828, 1.4407694339752197, 1.4723602533340454, 1.5123860836029053, 1.518686056137085, 1.5523511171340942, 1.569413423538208, 1.5881901979446411, 1.622228980064392, 1.6487280130386353, 1.6946343183517456, 1.7094128131866455, 1.7405890226364136, 1.7987570762634277, 1.8206068277359009, 1.8692816495895386, 1.9165228605270386, 1.9646950960159302, 2.016385555267334, 2.0506582260131836, 2.1178345680236816, 2.1617143154144287, 2.229386568069458, 2.303032159805298, 2.374919891357422, 2.458038330078125, 2.5290021896362305, 2.6144237518310547, 2.707383632659912, 2.8419463634490967, 2.9647462368011475, 3.081690549850464, 3.2330782413482666, 3.3753323554992676, inf, inf, inf, 3.4869065284729004, 3.4860734939575195, 3.451477527618408, 3.4335873126983643, 3.4309194087982178, 3.4151387214660645, 3.4092867374420166, 3.389385223388672, 3.384127140045166, 3.371992588043213, 3.3656537532806396, 3.3772783279418945, 3.354006290435791, 3.355304718017578, 3.329735517501831, 3.3510642051696777, 3.364511728286743, 3.3573787212371826, 3.3488094806671143, 3.3623900413513184, 3.377868890762329, 3.387071371078491, 3.3639092445373535, 3.385296583175659, 3.3837995529174805, 3.3934733867645264, 3.420311689376831, 3.4129905700683594, 3.4311258792877197, 3.4345524311065674, 3.477926254272461, 3.459540605545044, 3.5, inf, inf, inf, inf, inf, inf, inf, inf, inf, inf, inf, inf, inf, inf, inf, inf, inf, inf, inf, inf, inf, inf, inf, inf, inf, inf, inf, inf, inf, inf, inf, inf, inf, inf, inf, inf, inf, inf, inf, inf, inf, inf, inf, inf, inf, inf, inf, inf, inf, inf, inf, inf, inf, inf, inf]), 0.01749303564429283, 8410000000, 
array('f', [inf, inf, inf, inf, inf, inf, inf, inf, inf, inf, inf, inf, inf, inf, inf, inf, inf, inf, inf, inf, inf, inf, inf, inf, inf, inf, inf, inf, inf, inf, inf, inf, inf, inf, inf, inf, inf, inf, inf, inf, inf, inf, inf, inf, inf, inf, inf, inf, inf, inf, inf, inf, inf, inf, inf, inf, inf, inf, inf, inf, inf, inf, inf, inf, inf, inf, inf, inf, inf, inf, inf, inf, inf, inf, inf, inf, inf, inf, inf, inf, inf, inf, inf, inf, inf, inf, inf, inf, inf, inf, inf, inf, inf, inf, inf, inf, inf, inf, inf, inf, inf, inf, inf, inf, inf, inf, inf, inf, inf, inf, inf, inf, inf, inf, inf, inf, inf, inf, inf, inf, inf, inf, inf, inf, inf, inf, 2.7236955165863037, inf, inf, inf, inf, inf, inf, inf, inf, 2.6208674907684326, 2.51796817779541, 2.454435348510742, 2.36328387260437, 2.3153696060180664, 2.2593555450439453, 2.1915485858917236, 2.114408016204834, 2.0729305744171143, 2.0322110652923584, 1.9953278303146362, 1.9194731712341309, 1.8992506265640259, 1.8713924884796143, 1.8116686344146729, 1.7636101245880127, 1.7448970079421997, 1.7232680320739746, 1.693928837776184, 1.6545988321304321, 1.624202013015747, 1.6006885766983032, 1.5543040037155151, 1.5607985258102417, 1.5334954261779785, 1.5188157558441162, 1.4905203580856323, 1.4592313766479492, 1.4663541316986084, 1.4270778894424438, 1.413148045539856, 1.4131228923797607, 1.3727607727050781, 1.3672176599502563, 1.3687915802001953, 1.3379191160202026, 1.3397674560546875, 1.3138474225997925, 1.2901256084442139, 1.286461591720581, 1.2940647602081299, 1.2801185846328735, 1.2692958116531372, 1.2592566013336182, 1.2558730840682983, 1.247854232788086, 1.2431349754333496, 1.2551419734954834, 1.2173086404800415, 1.2197259664535522, 1.204323172569275, 1.2062619924545288, 1.2104374170303345, 1.1885184049606323, 1.2000278234481812, 1.1904546022415161, 1.186387300491333, 1.1866036653518677, 1.1737295389175415, 1.197139024734497, 1.1916157007217407, 1.1783580780029297, 1.1781350374221802, 1.1845420598983765, 1.1948763132095337, 1.1843470335006714, 1.1849641799926758, 1.1819218397140503, 1.19805908203125, 1.1870845556259155, 1.1900465488433838, 1.2104188203811646, 1.1853253841400146, 1.213762879371643, 1.191623568534851, 1.2015870809555054, 1.2145321369171143, 1.2167913913726807, 1.216577410697937, 1.2292399406433105, 1.2306758165359497, 1.228394865989685, 1.2573964595794678, 1.255533218383789, 1.2660672664642334, 1.2929420471191406, 1.3041554689407349, 1.307408094406128, 1.3103102445602417, 1.3240212202072144, 1.3434797525405884, 1.3501490354537964, 1.3441835641860962, 1.359061360359192, 1.3974556922912598, 1.4143167734146118, 1.4040133953094482, 1.4311347007751465, 1.4394797086715698, 1.476462483406067, 1.4792152643203735, 1.5156875848770142, 1.5176479816436768, 1.5532158613204956, 1.57708740234375, 1.593106746673584, 1.622599720954895, 1.645070195198059, 1.6831638813018799, 1.7089309692382812, 1.7453651428222656, 1.767261266708374, 1.8208481073379517, 1.856532096862793, 1.885105848312378, 1.9303638935089111, 1.9718519449234009, 2.0097763538360596, 2.069437026977539, 2.124976396560669, 2.1719565391540527, 2.2452995777130127, 2.3011105060577393, 2.3669614791870117, 2.4456369876861572, 2.5273940563201904, 2.6268973350524902, 2.7024292945861816, 2.8035449981689453, 2.9239912033081055, 3.0608718395233154, 3.1753904819488525, 3.3429911136627197, 3.4790351390838623, inf, inf, 3.5, 3.4859447479248047, 3.434178352355957, 3.4190030097961426, 3.422628402709961, 3.4075965881347656, 3.3918299674987793, 3.4045002460479736, 3.3699777126312256, 3.372509002685547, 3.3691349029541016, 3.363046169281006, 3.3496551513671875, 3.342893123626709, 3.3217360973358154, 3.3499486446380615, 3.3567922115325928, 3.3352205753326416, 3.355485677719116, 3.330136775970459, 3.338604688644409, 3.357607364654541, 3.3621723651885986, 3.366398811340332, 3.3734018802642822, 3.3764536380767822, 3.3894238471984863, 3.398695468902588, 3.4068219661712646, 3.4069161415100098, 3.446242094039917, 3.452282190322876, 3.455122470855713, 3.4601128101348877, 3.4808855056762695, inf, inf, inf, inf, inf, inf, inf, inf, inf, inf, inf, inf, inf, inf, inf, inf, inf, inf, inf, inf, inf, inf, inf, inf, inf, inf, inf, inf, inf, inf, inf, inf, inf, inf, inf, inf, inf, inf, inf, inf, inf, inf, inf, inf, inf, inf, inf, inf, inf, inf, inf, inf, inf, inf]), 0.01749303564429283, 8612000000, 
array('f', [inf, inf, inf, inf, inf, inf, inf, inf, inf, inf, inf, inf, inf, inf, inf, inf, inf, inf, inf, inf, inf, inf, inf, inf, inf, inf, inf, inf, inf, inf, inf, inf, inf, inf, inf, inf, inf, inf, inf, inf, inf, inf, inf, inf, inf, inf, inf, inf, inf, inf, inf, inf, inf, inf, inf, inf, inf, inf, inf, inf, inf, inf, inf, inf, inf, inf, inf, inf, inf, inf, inf, inf, inf, inf, inf, inf, inf, inf, inf, inf, inf, inf, inf, inf, inf, inf, inf, inf, inf, inf, inf, inf, inf, inf, inf, inf, inf, inf, inf, inf, inf, inf, inf, inf, inf, inf, inf, inf, inf, inf, inf, inf, inf, inf, inf, inf, inf, inf, inf, inf, inf, inf, inf, inf, inf, inf, inf, 2.774587392807007, inf, inf, inf, inf, inf, inf, inf, inf, 2.600900411605835, 2.543147325515747, 2.4574878215789795, 2.3790602684020996, 2.328765630722046, 2.254047155380249, 2.186657190322876, 2.1320488452911377, 2.0922553539276123, 2.0269877910614014, 1.9818329811096191, 1.941733479499817, 1.9064652919769287, 1.8533711433410645, 1.8198590278625488, 1.8165761232376099, 1.7632747888565063, 1.7279741764068604, 1.710745930671692, 1.6683801412582397, 1.6504480838775635, 1.6106762886047363, 1.6078873872756958, 1.5762852430343628, 1.5460114479064941, 1.523242712020874, 1.5178728103637695, 1.5001991987228394, 1.4846892356872559, 1.4564270973205566, 1.4405696392059326, 1.4406691789627075, 1.4213025569915771, 1.4124459028244019, 1.3806705474853516, 1.3789606094360352, 1.3654356002807617, 1.3514682054519653, 1.3469690084457397, 1.3137272596359253, 1.29951012134552, 1.3173128366470337, 1.2997143268585205, 1.2772517204284668, 1.2741159200668335, 1.2724244594573975, 1.268699288368225, 1.274273157119751, 1.2585692405700684, 1.2598764896392822, 1.266801357269287, 1.244081974029541, 1.2413514852523804, 1.2458817958831787, 1.240922212600708, 1.2382771968841553, 1.24037766456604, 1.235679030418396, 1.246753215789795, 1.210922360420227, 1.207158088684082, 1.2280421257019043, 1.2174396514892578, 1.2231940031051636, 1.216270923614502, 1.2245371341705322, 1.222978949546814, 1.2220394611358643, 1.2387953996658325, 1.2250653505325317, 1.2225463390350342, 1.2439515590667725, 1.2643855810165405, 1.2419472932815552, 1.2338764667510986, 1.2398492097854614, 1.2464702129364014, 1.2803970575332642, 1.285198450088501, 1.27264404296875, 1.2938538789749146, 1.2986149787902832, 1.3020570278167725, 1.3222287893295288, 1.2938562631607056, 1.3276993036270142, 1.3460993766784668, 1.355164885520935, 1.3458222150802612, 1.3678570985794067, 1.3890331983566284, 1.4007247686386108, 1.417868733406067, 1.4173518419265747, 1.455069661140442, 1.4510501623153687, 1.4899052381515503, 1.494382619857788, 1.5165627002716064, 1.5312564373016357, 1.56614351272583, 1.5659873485565186, 1.5846037864685059, 1.6133882999420166, 1.6353906393051147, 1.6638939380645752, 1.6951255798339844, 1.714758038520813, 1.760156512260437, 1.802017092704773, 1.8180450201034546, 1.8762078285217285, 1.9023971557617188, 1.9292155504226685, 1.9644739627838135, 2.0280163288116455, 2.080106735229492, 2.123591899871826, 2.186757802963257, 2.2480618953704834, 2.3068058490753174, 2.3900763988494873, 2.446157932281494, 2.555346727371216, 2.616037607192993, 2.704284429550171, 2.8142597675323486, 2.9061131477355957, 3.029972791671753, 3.14188551902771, 3.280869483947754, 3.433817148208618, inf, inf, 3.490474224090576, 3.4745233058929443, 3.4644887447357178, 3.423722505569458, 3.4078474044799805, 3.4346179962158203, 3.3971126079559326, 3.3604512214660645, 3.3678817749023438, 3.366177797317505, 3.3656532764434814, 3.343442916870117, 3.3525564670562744, 3.3018932342529297, 3.3247573375701904, 3.3139381408691406, 3.3262529373168945, 3.3071541786193848, 3.34010910987854, 3.328151226043701, 3.3239593505859375, 3.3378655910491943, 3.334301233291626, 3.3482041358947754, 3.3294754028320312, 3.3437628746032715, 3.36978816986084, 3.367351531982422, 3.3778834342956543, 3.3796956539154053, 3.399441957473755, 3.4308133125305176, 3.445244073867798, 3.4347076416015625, 3.455357074737549, 3.476044178009033, inf, inf, inf, inf, inf, inf, inf, inf, inf, inf, inf, inf, inf, inf, inf, inf, inf, inf, inf, inf, inf, inf, inf, inf, inf, inf, inf, inf, inf, inf, inf, inf, inf, inf, inf, inf, inf, inf, inf, inf, inf, inf, inf, inf, inf, inf, inf, inf, inf, inf, inf, inf, inf, inf]), 0.01749303564429283, 8811000000, 
